PCCDB-ID,Open Babel SMILES,HOMO-LUMO gap,HOMO energy,LUMO energy,Dipole moment,Excitation energy (1st),Oscillator strength (1st),Excitation energy (2nd),Oscillator strength (2nd),Excitation energy (3rd),Oscillator strength (3rd),Excitation energy (4th),Oscillator strength (4th),Num. of H bond acceptor,Num. of H bond donor,TPSA,logP,Molecular refractivity,Melting point
15493,CN(CCCN1C(=CC(=C[C@@H](C1=O)C)C)C)C,5.064,-5.44,-0.376,3.07,4.378,0.1218,4.792,0.0021,4.912,0.0125,5.056,,3.0,0.0,23.55,2.204,76.26,43.79
20139,OCc1c(C)cc(cc1C)C,6.041,-6.212000000000001,-0.171,1.69,4.995,0.0059,5.425,0.1014,5.859,0.006999999999999999,5.9239999999999995,,1.0,1.0,20.23,2.104,47.47,40.29
7039,OCc1cc(C)cc(c1O)CO,5.5760000000000005,-5.742000000000001,-0.166,4.5,4.556,0.0443,5.059,0.0047,5.419,0.0096,5.582999999999999,,3.0,3.0,60.69,0.685,45.69,95.04
18597,Oc1ccc(c(c1)C)C(C)C,5.837000000000001,-5.687,0.15,1.18,4.91,0.0316,5.027,0.0001,5.475,0.0037,5.608,,1.0,1.0,20.23,2.824,48.01,51.64
23204,C/C/1=C\CC(C)(C)/C=C/C/C(=C\CC1)/C,6.229,-5.782,0.446,0.12,5.263,0.025,5.4110000000000005,0.0053,5.557,0.0087,5.641,,0.0,0.0,0.0,5.035,70.42,44.94
34143,NCCc1c(C)oc2c1cc(OC)cc2,5.227,-5.529,-0.302,1.34,4.538,0.0708,4.811,0.157,5.172999999999999,0.0033,5.222,,3.0,1.0,48.39,2.951,60.15,116.25
12632,O=C1COc2c1cccc2C,4.702,-6.289,-1.5859999999999999,2.8,3.78,0.0001,4.043,0.0863,5.031000000000001,0.1434,5.847,,2.0,0.0,26.3,1.57,41.17,72.4
835,OC[C@@H]([C@H]1OC(=O)C(=O)C1=O)O,3.2460000000000004,-6.882000000000001,-3.635,5.97,1.787,0.0001,3.62,0.0001,3.695,0.0023,4.155,,6.0,2.0,100.9,-2.597,32.85,88.47
34088,CCc1ccncc1C,6.226,-6.683,-0.457,2.84,4.883,0.0049,5.21,0.0,5.321000000000001,0.0379,6.002999999999999,,1.0,0.0,12.89,1.952,38.98,26.83
1676,CCCn1c(=O)nc(c2c1[nH]cn2)O,5.129,-5.957000000000001,-0.8270000000000001,8.44,4.542,0.1367,4.744,0.0116,5.079,0.0004,5.155,,4.0,2.0,83.54,-0.177,51.85,230.43
13026,Oc1cc(C)c(c(c1)O)O,5.421,-5.138,0.28300000000000003,2.4,4.481,0.0022,4.659,0.0098,4.668,0.061,4.8919999999999995,,3.0,3.0,60.69,1.112,37.48,130.08
10688,CC1=C(C)C(=O)C=CC1=O,3.853,-7.105,-3.252,0.68,2.539,0.0,2.83,0.0,3.3280000000000003,0.017,4.814,,2.0,0.0,34.14,1.031,37.91,63.89
14912,Oc1ccc(c(c1)C)C(C)(C)C,5.853,-5.695,0.158,1.14,4.937,0.0292,5.042,0.0001,5.501,0.0062,5.636,,1.0,1.0,20.23,2.998,52.7,57.92
27536,CCOC(=O)c1noc(c1C(=O)C)C,5.412000000000001,-6.947,-1.535,2.0,3.9560000000000004,0.0004,4.7589999999999995,0.0026,5.031000000000001,0.013999999999999999,5.184,,5.0,0.0,69.4,1.3619999999999999,47.75,84.07
28688,Cc1sc2c(c1C[C]1[N]CCN1)cccc2,5.124,-5.766,-0.642,2.04,4.547,0.0627,4.654,0.0088,4.746,0.0325,4.891,,3.0,1.0,52.63,2.5180000000000002,77.79,122.19
12860,CC(c1cc(cc(c1)C(C)C)C(C)C)C,6.365,-6.18,0.185,0.03,5.169,0.0003,5.74,0.0016,5.745,0.0,5.806,,0.0,0.0,0.0,5.0569999999999995,70.18,12.84
3136,COC1=C(OC)C(=O)c2c(C1=O)cccc2,3.069,-5.965,-2.895,1.22,2.49,0.0377,2.94,0.0021,2.985,0.0,3.687,,4.0,0.0,52.6,1.57,56.03,94.09
26075,Cc1cc(=O)n(c(=O)n1C)C,5.542999999999999,-6.362,-0.8190000000000001,4.66,4.795,0.0,5.0569999999999995,0.1637,5.572,0.0078,5.752000000000001,,4.0,0.0,44.0,-0.608,42.45,84.37
20042,O=N(=O)c1cc(cc(c1O)N(=O)=O)C(C)(C)C,3.995,-7.206,-3.2110000000000003,4.94,3.358,0.0949,3.6719999999999997,0.0031,3.8480000000000003,0.0018,4.034,,1.0,1.0,111.87,3.553,65.38,132.68
13010,O=C1OC(=O)C(=C1C)C,5.167000000000001,-7.8260000000000005,-2.659,4.87,3.83,0.0,4.5,0.0,4.816,0.1044,6.004,,3.0,0.0,43.37,0.406,29.85,46.48
3762,CC[C@@H]([C@@H](c1ccc(c(c1)O)O)O)NC(C)C,5.54,-5.505,0.035,0.49,4.694,0.0764,4.7589999999999995,0.003,4.9719999999999995,0.0001,5.043,,4.0,4.0,72.72,2.299,68.26,130.91
6739,O=N(=O)c1cccc(c1C)C,4.855,-7.026,-2.171,4.57,3.7060000000000004,0.018000000000000002,3.9419999999999997,0.0201,4.309,0.005,4.633,,0.0,0.0,45.82,2.735,45.2,51.79
28592,CN(Cc1c(O)ccc2c1oc(C)cc2=O)C,4.5280000000000005,-5.706,-1.178,3.71,3.77,0.0001,3.841,0.0002,4.534,0.077,4.584,,4.0,1.0,53.68,1.869,66.95,134.28
35402,Cc1ccc(c2c1[nH]cc2C)C,5.154,-5.056,0.098,1.98,4.445,0.0001,4.567,0.1136,4.803999999999999,0.0214,5.013,,0.0,1.0,15.79,3.093,53.2,109.44
21017,CCc1cc(C#N)cc(c1O)CC,5.391,-6.332000000000001,-0.9420000000000001,5.7,4.81,0.011000000000000001,5.11,0.21100000000000002,5.329,0.0213,5.936,,2.0,1.0,44.02,2.3890000000000002,52.73,90.38
17516,C/N=C(\Oc1cc(C)cc(c1)C(C)C)/O,6.231,-6.27,-0.038,1.6,5.12,0.0038,5.632000000000001,0.0463,5.822,0.0004,5.896,,3.0,1.0,38.33,3.228,60.68,75.01
33379,CCC[N]C1=N[C](N/C(=N/CCC)/N1)C,5.584,-6.166,-0.5820000000000001,2.71,4.895,0.0001,4.944,0.0986,5.148,0.0931,5.419,,5.0,2.0,62.73,1.97,62.63,122.13
27075,CC(=O)c1c(C)onc1c1ccc(o1)N(=O)=O,4.416,-6.936,-2.52,6.75,3.733,0.001,3.827,0.0675,4.035,0.2331,4.154,,4.0,0.0,102.06,2.877,58.19,135.09
16477,Cc1cc(C)c2c(c1)ccc(c2)C,4.762,-5.502000000000001,-0.74,0.27,4.203,0.0412,4.388,0.0335,5.244,0.0,5.4879999999999995,,0.0,0.0,0.0,3.765,58.85,62.17
16522,COC(=O)c1ccc(c(c1)OC)OC,4.961,-5.989,-1.0290000000000001,1.14,4.395,0.1242,4.891,0.1419,4.966,0.0266,5.601,,4.0,0.0,44.76,1.49,50.71,41.48
28906,CCc1cnc(c(n1)CC)C,5.402,-6.4079999999999995,-1.0070000000000001,0.69,4.05,0.0053,4.765,0.0001,4.968999999999999,0.162,5.534,,2.0,0.0,25.78,1.91,46.54,46.51
21783,COc1cc(/C=C/C(=N)O)cc(c1OC)OC,4.321000000000001,-5.965,-1.6440000000000001,5.69,3.969,0.3772,4.079,0.1929,4.503,0.0021,4.775,,5.0,1.0,70.78,1.911,63.72,120.14
10347,OC(=O)c1cc(=O)c(c(o1)C(=O)O)O,4.474,-7.407,-2.9330000000000003,1.96,3.779,0.0,4.119,0.1086,4.277,0.0,4.471,,7.0,3.0,125.04,-0.258,40.92,262.62
38296,Cc1cc(C)c2c(c1)C(=O)C(=O)N2,3.7089999999999996,-6.223,-2.5140000000000002,6.4,2.687,0.0,2.8810000000000002,0.0234,4.175,0.0748,4.362,,3.0,1.0,46.17,1.5759999999999998,52.09,128.08
5424,OC1=C(O)C(=O)C(=C(C1=O)O)O,2.702,-6.109,-3.407,3.46,1.943,0.0054,3.218,0.0013,3.3760000000000003,0.0001,3.845,,6.0,4.0,115.06,-0.207,34.58,117.21
15163,CC(=O)c1c(C)c[nH]c1C,5.268,-5.6739999999999995,-0.405,5.24,4.093999999999999,0.0002,4.5889999999999995,0.0581,4.8,0.0019,5.466,,1.0,1.0,32.86,1.834,40.92,95.16
34182,OC[C@@H](c1nc(C)cc(n1)O)C,5.505,-6.479,-0.9740000000000001,5.62,4.6739999999999995,0.003,4.882,0.0036,5.032,0.0031,5.239,,3.0,2.0,65.98,0.174,45.57,127.5
34555,Cc1c(C)cccc1/N=N/c1cccc(c1C)C,3.7739999999999996,-5.761,-1.986,0.19,2.516,0.0167,3.583,0.6857,3.707,0.003,3.7110000000000003,,2.0,0.0,24.72,5.336,76.92,80.17
15710,Cc1c(C)csc1C,5.769,-5.744,0.024,1.21,5.246,0.0003,5.308,0.1095,5.318,0.0044,5.476,,1.0,0.0,28.24,2.673,39.22,16.06
33936,C=Cc1cccc(c1C)C,5.41,-5.97,-0.561,0.63,4.715,0.0099,4.936,0.3065,5.64,0.1422,5.726,,0.0,0.0,0.0,2.946,46.47,6.13
12775,CCc1cc(C)cc(c1)O,5.897,-5.792999999999999,0.10300000000000001,1.4,4.928,0.0438,5.117,0.0001,5.609,0.0059,5.669,,1.0,1.0,20.23,2.263,43.2,52.3
13778,CCN(Cc1noc(c1)C)CC,5.625,-5.6979999999999995,-0.073,2.64,4.728,0.0056,5.2010000000000005,0.0072,5.507000000000001,0.0069,5.622999999999999,,3.0,0.0,29.27,1.825,48.56,26.7
3676,CCN(C/C(=N\c1c(C)cccc1C)/O)CC,5.872000000000001,-5.404,0.46799999999999997,5.09,4.738,0.0075,4.906000000000001,0.0235,4.98,0.0126,5.2829999999999995,,3.0,1.0,32.34,2.657,72.81,68.25
33293,CNc1cc2oc(=O)cc(c2cc1C)C,4.242,-5.706,-1.464,5.76,3.8369999999999997,0.3452,4.268,0.0087,4.565,0.0031,4.837,,3.0,1.0,42.24,2.525,61.72,127.56
4198,COC1=C(C)C(=O)c2c(C1=O)cn(c(=O)c2)C,3.4610000000000003,-6.332000000000001,-2.8710000000000004,4.94,2.924,0.0523,2.925,0.0037,3.215,0.0007,3.505,,5.0,0.0,65.37,0.685,60.46,141.65
17016,Cc1ccc(c(c1O)C)C,5.928999999999999,-5.638,0.29100000000000004,1.2,4.986000000000001,0.0034,5.001,0.0317,5.492999999999999,0.0002,5.626,,1.0,1.0,20.23,2.3169999999999997,43.36,57.8
34883,CC1=CCc2c(C1)c(C)ccc2C,6.272,-5.957000000000001,0.316,0.41,5.092,0.0003,5.44,0.0026,5.593,0.0014,5.681,,0.0,0.0,0.0,3.3480000000000003,58.14,55.46
28093,CN(CCOc1cc(C)c(cc1C(C)C)O)C,5.343999999999999,-5.162000000000001,0.182,0.21,4.552,0.0023,4.586,0.0953,4.883,0.0043,5.032,,3.0,1.0,32.7,2.764,71.82,58.39
34917,CC[C@H]([C]1NC(=N)NC(=N1)[NH])C,5.489,-6.275,-0.7859999999999999,5.65,4.845,0.0294,5.147,0.0583,5.296,0.0046,5.377000000000001,,5.0,2.0,90.71,1.712,48.02,151.99
12759,Cc1cnc(c(c1)C)C,6.0360000000000005,-6.321000000000001,-0.28600000000000003,2.03,4.8660000000000005,0.0044,5.148,0.0606,5.178999999999999,0.0001,5.829,,1.0,0.0,12.89,2.0069999999999997,39.13,32.33
19739,OCC/N=C(\c1c(C)ccc(c1O)C(C)C)/O,5.665,-6.28,-0.615,7.18,4.821000000000001,0.0624,5.162000000000001,0.0032,5.289,0.0435,5.404,,4.0,3.0,69.56,1.9369999999999998,66.98,132.67
33275,OC/C=C/[CH]C1=C[C](C(=O)O1)/C=C/CO,3.306,-6.022,-2.716,2.67,3.338,0.8963,3.966,0.0067,4.03,0.0313,4.515,,4.0,2.0,66.76,0.451,54.59,88.37
10276,COc1cc(C(=O)O)c(cc1OC)OC,4.781000000000001,-5.627000000000001,-0.846,6.98,4.251,0.1521,4.828,0.0001,4.915,0.0,5.044,,5.0,1.0,64.99,1.411,52.88,112.97
7050,CCN(c1ccc2c(c1)oc(=O)cc2C)CC,4.035,-5.268,-1.2329999999999999,6.96,3.657,0.4128,4.3,0.0078,4.593999999999999,0.0221,4.627,,3.0,0.0,33.45,2.948,71.27,96.18
6908,Cc1c(C)c(C)c(c(c1C)C)C,6.106,-5.736000000000001,0.37,0.08,4.965,0.0006,5.36,0.0,5.393,0.0,5.564,,0.0,0.0,0.0,3.537,56.24,31.35
14921,Cc1cc(C)cc(c1)C(=O)C,5.222,-6.558,-1.3359999999999999,3.21,3.755,0.0001,4.404,0.0264,5.005,0.1948,5.585,,1.0,0.0,17.07,2.506,46.57,47.89
29488,C/N=C(\Oc1ccc(c(c1)C(C)C)O)/O,5.676,-5.861000000000001,-0.185,2.05,4.855,0.0545,5.056,0.0001,5.53,0.027999999999999997,5.638999999999999,,4.0,2.0,58.56,2.625,57.73,111.15
6896,Cc1cccc(c1N)C,5.709,-5.2410000000000005,0.46799999999999997,1.77,4.605,0.0119,4.823,0.0512,5.249,0.0003,5.31,,1.0,1.0,26.02,2.467,40.78,62.15
36761,CC(NC[C@H]1Cc2c(O1)c(C)ccc2)C,5.685,-5.565,0.12,1.02,4.7989999999999995,0.0579,5.172000000000001,0.0114,5.443,0.0008,5.483,,2.0,1.0,21.26,2.687,62.78,65.2
15095,C[C]1CCC2=C(C)CCCC([C@@H]2[CH]1)(C)C,4.4,-5.075,-0.675,1.33,3.945,0.0567,4.269,0.0055,4.593999999999999,0.0164,4.748,,0.0,0.0,0.0,4.869,68.78,61.14
34087,CCc1cccnc1C,6.199,-6.569,-0.37,2.1,4.881,0.0044,5.132000000000001,0.0001,5.287000000000001,0.0633,5.901,,1.0,0.0,12.89,1.952,38.98,26.83
13237,Cc1ccc2c(c1)cc(c(c2)C)C,4.825,-5.529,-0.705,0.37,4.289,0.0181,4.395,0.0246,5.331,0.0004,5.386,,0.0,0.0,0.0,3.765,58.85,62.17
33107,Cc1ccc2c(c1)occ2C,5.325,-5.667999999999999,-0.34299999999999997,0.83,4.769,0.1312,4.962,0.0424,5.392,0.0001,5.6770000000000005,,1.0,0.0,13.14,3.05,46.15,56.56
37182,O=N(=O)c1cc(N)c(c(c1)N(=O)=O)C,3.9160000000000004,-6.7,-2.784,6.46,3.22,0.0505,3.438,0.0026,3.734,0.0144,3.748,,1.0,1.0,117.66,3.0210000000000004,53.46,136.91
34939,CC[N]c1n/c(=C/[N][N])/[nH]/c(=N/CC)/[nH]1,3.687,-6.03,-2.343,1.83,2.5540000000000003,0.0,3.438,0.0,3.696,0.0,3.822,,5.0,2.0,100.12,0.611,56.67,172.72
33384,C=CC[N]C1=N[C](N/C(=N/CC=C)/N1)C,5.5920000000000005,-6.27,-0.6779999999999999,2.56,4.754,0.0014,4.8660000000000005,0.0603,5.135,0.1219,5.4239999999999995,,5.0,2.0,62.73,1.5219999999999998,61.68,80.93
25887,N#CCc1cc(OC)c(c(c1)OC)OC,5.853,-6.055,-0.201,2.5,4.926,0.0102,5.319,0.0539,5.497000000000001,0.001,5.736000000000001,,4.0,0.0,51.48,1.778,55.44,58.72
34154,Cc1ccc(c(c1)OC[C]1[N]CCN1)C(C)C,5.848,-5.84,0.008,1.59,4.94,0.0573,5.295,0.0041,5.309,0.0031,5.396,,3.0,1.0,33.62,2.263,78.51,82.4
21029,Cc1ccc(cc1C)c1ccc(c(c1)C)C,5.159,-5.63,-0.47100000000000003,0.18,4.6739999999999995,0.5498,4.748,0.0001,4.846,0.0254,5.36,,0.0,0.0,0.0,4.587,71.74,59.94
39035,CC1=CC(=O)c2c(C1=O)c(O)c(c(c2O)O)O,2.8930000000000002,-6.125,-3.233,1.97,2.517,0.026000000000000002,2.647,0.1225,3.04,0.0,3.364,,6.0,4.0,115.06,0.8340000000000001,57.14,273.14
20909,N#CCC[C]1NC(=N)NC(=N1)[NH],5.279,-6.441,-1.162,5.33,4.601,0.0211,5.012,0.0999,5.202000000000001,0.0026,5.452000000000001,,6.0,2.0,114.5,0.655,42.96,186.56
33736,CC(=O)/C=C/C1=C(C)C(=O)CCC1(C)C,4.313,-6.572,-2.259,1.83,3.22,0.0013,3.366,0.0049,4.101,0.40700000000000003,4.806,,2.0,0.0,34.14,2.8369999999999997,61.68,79.25
22956,C/N=C(\Oc1cc(C)c(c(c1)C)CN(C)C)/O,5.7139999999999995,-5.81,-0.095,2.19,4.785,0.0005,5.043,0.0009,5.071000000000001,0.0004,5.25,,4.0,1.0,41.57,2.474,68.54,82.49
18197,Cc1ccc2c(c1)cc(cc2C)C,4.781000000000001,-5.521,-0.74,0.12,4.289,0.0669,4.308,0.0031,5.285,0.0016,5.444,,0.0,0.0,0.0,3.765,58.85,62.17
27785,CC(N=c1[nH]c(=N)[nH]c(=N)[nH]1)C,6.487,-6.136,0.35100000000000003,2.15,5.106,0.0063,5.657,0.0442,5.744,0.0497,5.803,,6.0,3.0,102.74,1.092,47.56,183.37
40089,COc1cc2c(cc1O)CCN([C@@H]2C)C,5.646,-5.524,0.122,1.88,4.716,0.0286,4.8839999999999995,0.0024,4.89,0.0305,5.082,,3.0,1.0,32.7,1.8880000000000001,64.01,82.3
21290,CCCCc1c(C)nc(nc1O)N(C)C,5.197,-5.3389999999999995,-0.142,0.97,4.425,0.0683,4.852,0.0241,4.9639999999999995,0.0026,5.261,,3.0,1.0,48.99,1.4869999999999999,63.42,118.57
34335,C[C@@H]1CC(=O)C(=C1C)C,5.347,-6.2589999999999995,-0.912,3.81,3.855,0.0004,5.566,0.3362,5.83,0.0048,6.141,,1.0,0.0,17.07,1.932,38.18,32.71
15079,CN(c1ccc(c2c1non2)N(=O)=O)C,3.3930000000000002,-6.1770000000000005,-2.784,9.71,3.07,0.2668,3.53,0.0,4.008,0.1827,4.093999999999999,,4.0,0.0,87.98,1.72,54.83,128.04
11308,COc1ccc(c(c1OC)OC)C(=O)O,5.388,-6.343,-0.955,6.43,4.716,0.0248,4.823,0.0015,5.018,0.2031,5.65,,5.0,1.0,64.99,1.411,52.88,112.97
15820,C[C]1NC(=NC(=N1)C)[NH],4.855,-6.196000000000001,-1.3419999999999999,5.33,4.0569999999999995,0.0289,4.119,0.0025,4.996,0.0004,5.101,,4.0,1.0,64.69,0.652,34.16,108.67
27753,Cc1ccc(cc1CC#N)C,6.1739999999999995,-6.52,-0.34600000000000003,4.0,5.114,0.0091,5.721,0.0286,5.817,0.006999999999999999,6.193,,1.0,0.0,23.79,2.369,45.9,50.07
11424,CC1=CC(=O)[C]([CH][CH][CH]1)O,4.185,-6.0329999999999995,-1.848,3.71,3.4130000000000003,0.0006,3.61,0.0651,4.013999999999999,0.0038,4.508,,2.0,1.0,37.3,1.061,39.7,83.57
16265,C=Cc1cc(C)ccc1C,5.2139999999999995,-5.897,-0.6829999999999999,0.15,4.566,0.0751,4.878,0.2582,5.572,0.1461,5.643,,0.0,0.0,0.0,2.946,46.47,6.13
25252,CC[N]C1=N[C](NN)N/C(=N/CC)/N1,5.662999999999999,-5.597,0.065,5.46,4.698,0.024,5.013999999999999,0.0253,5.053999999999999,0.08,5.275,,7.0,4.0,100.78,0.94,55.26,209.08
29737,CCc1cc(OC)c2c(c1OC)c(C)c(o2)C,5.159,-5.218999999999999,-0.06,2.48,4.572,0.0963,4.8180000000000005,0.034,4.935,0.1057,5.184,,3.0,0.0,31.6,3.6289999999999996,68.9,72.95
10356,OC(=O)c1cc(C)cc(c1)C,5.611000000000001,-6.852,-1.2409999999999999,5.16,4.683,0.0215,4.783,0.0145,5.33,0.0917,5.968999999999999,,2.0,1.0,37.3,2.002,43.33,104.32
11840,Cc1ccc2c(c1)C(=O)C(=O)N2,3.763,-6.343,-2.58,6.13,2.6830000000000003,0.0,2.938,0.0214,4.336,0.0655,4.357,,3.0,1.0,46.17,1.268,47.12,123.24
33888,CC[N]C1=N[C](N/C(=N/CC(C)C)/N1)C,5.584,-6.172000000000001,-0.588,2.87,4.894,0.0013,4.945,0.0951,5.149,0.0907,5.414,,5.0,2.0,62.73,1.8259999999999998,62.63,122.13
15048,Cc1nc(N)c2c([nH]1)ncn2,4.686,-5.6979999999999995,-1.012,4.83,4.3260000000000005,0.0943,4.648,0.1398,4.729,0.0005,5.007,,4.0,2.0,80.48,0.825,41.05,196.44
12785,Oc1cc(C)c(c(c1C)C)O,5.434,-5.124,0.31,2.52,4.4639999999999995,0.0013,4.652,0.0018,4.669,0.0799,5.205,,2.0,2.0,40.46,2.023,45.39,98.78
10694,Cc1cc(C)c(c(c1C)O)C,5.84,-5.557,0.28300000000000003,1.41,4.919,0.0021,4.956,0.031,5.303999999999999,0.0005,5.547999999999999,,1.0,1.0,20.23,2.6260000000000003,48.33,62.64
30350,Cc1ccc(c2c1OCC2=O)C,4.648,-6.155,-1.508,2.38,3.784,0.0001,3.975,0.0845,4.9239999999999995,0.1506,5.722,,2.0,0.0,26.3,1.879,46.14,77.24
16201,CCN(CC(=O)Oc1c(C)cccc1C)CC,5.636,-5.614,0.022000000000000002,0.97,4.58,0.0012,5.021,0.0134,5.066,0.0008,5.126,,3.0,0.0,29.54,2.551,70.0,38.81
34225,O=Cc1cc(C)cc(c1)C,5.151,-6.702000000000001,-1.551,3.59,3.7110000000000003,0.0001,4.35,0.0248,4.998,0.2009,5.621,,1.0,0.0,17.07,2.116,41.76,46.76
40091,COc1cc2CCN([C@H](c2cc1O)C)C,5.627000000000001,-5.494,0.133,1.89,4.574,0.0131,4.753,0.0461,4.821000000000001,0.0149,4.88,,3.0,1.0,32.7,1.8880000000000001,64.01,82.3
40093,COc1cc2CCN([C@H](c2cc1O)C)C,5.638,-5.507999999999999,0.131,2.59,4.6610000000000005,0.0053,4.762,0.0623,4.854,0.0053,4.995,,3.0,1.0,32.7,1.8880000000000001,64.01,82.3
4624,NCCc1cc(O)c(cc1O)O,5.3420000000000005,-5.1080000000000005,0.23399999999999999,2.71,4.359,0.0009,4.527,0.0939,4.571000000000001,0.0066,4.756,,4.0,4.0,86.71,1.005,44.99,183.66
13905,CC[N]C1=N[C](SC)N/C(=N/CC)/N1,5.309,-6.046,-0.737,1.81,4.654,0.0663,4.887,0.1224,4.915,0.0023,5.125,,6.0,2.0,88.03,1.6030000000000002,59.77,132.43
8393,O=C(N(C)C)Oc1cc(nn1C(C)C)C,6.582000000000001,-5.867000000000001,0.716,4.46,5.292999999999999,0.0016,5.57,0.0001,5.801,0.1646,5.848,,5.0,0.0,47.36,1.8330000000000002,57.66,63.64
5394,NC(=O)c1ncn2c1nnn(c2=O)C,4.414,-6.865,-2.452,3.34,3.5410000000000004,0.0002,4.0360000000000005,0.0096,4.056,0.2171,4.248,,8.0,1.0,108.17,-1.3780000000000001,44.4,216.81
14345,COc1cc(cc(c1OC)OC)C(=O)C,4.729,-6.007999999999999,-1.2790000000000001,3.09,3.8089999999999997,0.0007,4.011,0.0322,4.377,0.21600000000000003,5.394,,4.0,0.0,44.76,1.915,56.11,56.54
32983,CN(CCCc1ccc(o1)C)C,6.1739999999999995,-5.415,0.759,0.62,5.093999999999999,0.0045,5.284,0.0192,5.422999999999999,0.024,5.535,,2.0,0.0,16.38,2.082,50.76,11.2
10742,COc1cc(cc(c1O)OC)C(=O)O,5.034,-6.114,-1.08,4.85,4.524,0.0194,4.638999999999999,0.1488,4.902,0.0212,5.3260000000000005,,5.0,2.0,75.99,1.1079999999999999,48.41,147.84
34872,C[C@@H](CC(=O)O)Cc1cc(C)ccc1C,6.122999999999999,-6.074,0.049,3.96,5.078,0.0035,5.17,0.0025,5.404,0.0121,5.546,,2.0,1.0,37.3,2.957,62.34,91.33
12439,OC(=O)c1c(C)cccc1C,5.7989999999999995,-6.787000000000001,-0.988,4.15,4.856,0.0272,4.985,0.0293,5.482,0.0434,5.995,,2.0,1.0,37.3,2.002,43.33,104.32
34224,O=Cc1cccc(c1C)C,5.14,-6.716,-1.5759999999999998,3.17,3.641,0.0002,4.387,0.0388,5.077,0.2158,5.569,,1.0,0.0,17.07,2.116,41.76,46.76
28447,CCN(C/C(=N\c1ccc(cc1C)C)/O)CC,5.445,-5.303999999999999,0.142,5.05,4.564,0.1178,4.713,0.0341,4.8180000000000005,0.0313,5.183,,3.0,1.0,32.34,2.657,72.81,68.25
21498,N=C1NC(=N[C](N1)C(C)C)[NH],5.507999999999999,-6.272,-0.765,5.91,4.865,0.0279,5.172999999999999,0.0765,5.317,0.005,5.385,,5.0,2.0,90.71,1.3219999999999998,43.22,152.66
2946,CN1CCc2c3C1=CC(=O)C(=O)c3n(c2)C,3.333,-5.551,-2.218,8.56,2.351,0.0001,2.656,0.0146,3.5580000000000003,0.0023,3.718,,4.0,0.0,42.31,0.557,63.34,131.11
19842,C/N=C(\Oc1cc(C)ccc1C(C)C)/O,6.18,-6.234,-0.054000000000000006,1.19,5.084,0.0169,5.65,0.0455,5.7989999999999995,0.0008,5.871,,3.0,1.0,38.33,3.228,60.68,75.01
29039,CC(c1cc(C(C)C)c(c(c1C)C(=O)O)C)C,5.641,-6.132999999999999,-0.493,1.68,4.673,0.0298,5.053,0.044000000000000004,5.558,0.0112,5.581,,2.0,1.0,37.3,4.248,72.49,111.34
26029,CN=c1[nH]c(=N)[nH]c(=N)[nH]1,6.462999999999999,-6.169,0.294,2.41,5.127999999999999,0.0034,5.662000000000001,0.0454,5.763999999999999,0.005,5.824,,6.0,3.0,102.74,0.313,37.94,184.7
27784,CC(/N=c/1\[nH]/c(=N\C(C)C)/[nH]/c(=N)/[nH]1)C,6.327000000000001,-6.0329999999999995,0.294,2.85,5.172000000000001,0.0169,5.484,0.0349,5.7379999999999995,0.0132,5.744,,6.0,3.0,88.75,1.8219999999999998,62.07,167.45
11892,Cc1ccc(c(c1)C(=O)O)C,5.527,-6.718999999999999,-1.192,4.67,4.695,0.0409,4.781000000000001,0.0071,5.393,0.0534,5.925,,2.0,1.0,37.3,2.002,43.33,104.32
22499,CN(c1c(C)cc(cc1C)O)C,5.54,-5.287000000000001,0.253,1.04,4.507,0.0141,4.721,0.0343,4.787,0.0059,4.965,,2.0,1.0,23.47,2.075,52.6,63.32
14994,O=N(=O)c1cc(N(=O)=O)c(c(c1)C(C)(C)C)O,4.136,-7.355,-3.219,4.25,3.426,0.0469,3.7689999999999997,0.0,3.883,0.0,4.118,,1.0,1.0,111.87,3.553,65.38,132.68
8656,C/C(=N\c1cccc(c1C)C)/O,5.6,-5.5889999999999995,0.011000000000000001,3.5,4.713,0.1125,4.837,0.0004,4.862,0.0177,5.486000000000001,,2.0,1.0,29.1,2.335,50.69,68.27
25221,C/N=C(\Oc1cc(C)c(c(c1)C)NC)/O,5.5889999999999995,-5.51,0.079,2.67,4.672,0.0311,4.845,0.0781,5.141,0.1066,5.372999999999999,,4.0,2.0,50.36,2.5269999999999997,60.37,111.9
23875,CC[C@H](C1C(=O)N(C)C(=O)N(C1=O)C)C,5.886,-7.082999999999999,-1.197,1.06,4.559,0.0003,5.189,0.0083,5.459,0.065,5.775,,5.0,0.0,57.69,0.575,62.68,73.14
13904,CS[C]1N/C(=N\C(C)C)/NC(=N1)[N]C,5.472,-6.065,-0.593,2.67,4.874,0.0883,4.921,0.0003,5.008,0.0025,5.0680000000000005,,6.0,2.0,88.03,1.601,59.77,132.43
15461,Cc1cc(C)c(c(c1)C)C(=O)C,5.452999999999999,-6.343,-0.89,2.74,4.04,0.006,4.6160000000000005,0.0237,4.749,0.0817,5.4479999999999995,,1.0,0.0,17.07,2.8139999999999996,51.53,52.73
17783,Cc1c(C)c(C)c(c(c1C)O)C,5.676,-5.382000000000001,0.294,1.37,4.761,0.0008,4.843,0.0424,5.233,0.0008,5.308,,1.0,1.0,20.23,2.9339999999999997,53.3,67.48
9339,O=N(=O)c1cc(C(C)C)c(c(c1C)N(=O)=O)O,4.006,-7.102,-3.097,3.03,3.2569999999999997,0.0309,3.6689999999999996,0.0455,3.7430000000000003,0.0197,4.064,,1.0,1.0,111.87,3.687,65.66,131.23
30958,COCCNC/C(=N\c1c(C)cccc1C)/O,5.872000000000001,-5.372000000000001,0.501,5.68,4.63,0.003,4.908,0.0216,5.026,0.0144,5.305,,4.0,2.0,50.36,1.942,68.99,84.51
26333,CC(Cc1nccnc1C)C,5.44,-6.523,-1.083,0.78,4.058,0.0058,4.685,0.0001,5.11,0.1436,5.553,,2.0,0.0,25.78,1.984,46.38,41.01
33561,CCN(CCc1c(C)[nH]c2c1cccc2)CC,4.966,-4.9719999999999995,-0.005,2.52,4.343,0.064,4.401,0.0021,4.748,0.0163,4.775,,1.0,1.0,19.03,3.361,75.16,103.92
38008,COc1ccc2c(c1)c(C)c1n2CNCC1,5.026,-4.966,0.06,2.7,4.269,0.0678,4.449,0.0855,4.487,0.0338,4.643,,3.0,1.0,26.19,2.39,69.03,115.7
2598,OCCNC1=CC(=O)c2c(C1=O)cncc2,3.3280000000000003,-6.497999999999999,-3.17,2.35,2.697,0.0009,2.7689999999999997,0.042,3.158,0.0001,3.642,,5.0,2.0,79.29,0.317,55.62,169.87
13415,CCc1ccc(c(c1)CC)CC,6.261,-6.0520000000000005,0.21,0.21,5.093999999999999,0.0055,5.565,0.0903,5.69,0.0253,5.907,,0.0,0.0,0.0,3.3739999999999997,55.76,14.84
10261,CC/C=C/CC1=C(C)CCC1=O,5.332999999999999,-6.3020000000000005,-0.9690000000000001,3.75,3.878,0.0005,4.666,0.0102,5.574,0.302,5.893,,1.0,0.0,17.07,3.022,52.13,40.51
16925,Cc1nc2ccccc2nc1C,4.855,-6.462999999999999,-1.608,0.56,3.693,0.0022,4.248,0.0222,4.376,0.1072,4.83,,2.0,0.0,25.78,2.247,49.47,88.34
6094,OCc1cnc(c(c1C)O)C,5.581,-6.142,-0.561,2.09,4.8580000000000005,0.0711,4.87,0.0489,5.305,0.0045,5.417999999999999,,3.0,2.0,53.35,0.8959999999999999,42.32,91.93
36767,CC(NC[C@@H]1Cc2c(O1)ccc(c2)C)C,5.5760000000000005,-5.47,0.106,0.98,4.6739999999999995,0.0604,5.136,0.017,5.321000000000001,0.0004,5.382999999999999,,2.0,1.0,21.26,2.687,62.78,65.2
34490,COc1cccc(c1CN(C)C)OC,5.428999999999999,-5.263,0.166,1.54,4.524,0.0009,4.937,0.0279,5.041,0.0202,5.183,,3.0,0.0,21.7,1.765,56.9,20.68
16505,CC(=O)c1cccc(c1C)C,5.252000000000001,-6.46,-1.208,3.33,3.838,0.0037,4.504,0.0276,4.997,0.1708,5.624,,1.0,0.0,17.07,2.506,46.57,47.89
28793,OC1=NC(=O)C(=C1C)C,4.5360000000000005,-6.917000000000001,-2.381,6.8,3.1439999999999997,0.0001,3.597,0.0066,4.202,0.0003,5.641,,3.0,1.0,46.17,0.308,35.48,82.61
4947,CCCOC(=O)c1cc(O)c(c(c1)O)O,4.816,-5.78,-0.963,1.11,4.421,0.0703,4.553999999999999,0.2175,4.831,0.001,4.988,,5.0,3.0,86.99,1.37,53.4,150.86
16694,C=Cc1ccc(cc1C)C,5.135,-5.7989999999999995,-0.664,0.5,4.637,0.1706,4.806,0.2302,5.547000000000001,0.02,5.587999999999999,,0.0,0.0,0.0,2.946,46.47,6.13
29375,CC(=O)c1c(C)[nH]c(c1C)C,5.093999999999999,-5.44,-0.34600000000000003,5.3,4.0969999999999995,0.0002,4.43,0.0579,4.588,0.0002,5.252000000000001,,1.0,1.0,32.86,2.1430000000000002,45.89,100.0
7311,Oc1ccc(cc1C(C)(C)C)C(C)(C)C,5.845,-5.682,0.163,1.32,4.953,0.0446,4.974,0.0,5.442,0.0025,5.624,,1.0,1.0,20.23,3.987,67.0,62.87
27703,C/N=C(\Oc1cccc2c1OC(C)(C)CC2)/O,5.782,-5.766,0.016,3.03,4.861000000000001,0.0587,5.316,0.0057,5.497999999999999,0.0227,5.649,,4.0,1.0,47.56,2.8989999999999996,64.93,109.22
29482,COc1cc(OC)cc(c1)C#N,5.11,-6.297000000000001,-1.186,5.42,4.458,0.0666,5.112,0.0984,5.75,0.0007,5.983,,3.0,0.0,42.25,1.575,44.14,53.27
11122,O=C1C=CC(=O)C(=C1)C,3.8339999999999996,-7.225,-3.391,0.7,2.5269999999999997,0.0,2.764,0.0,3.5669999999999997,0.0073,4.829,,2.0,0.0,34.14,0.6409999999999999,33.1,61.13
3134,CN(c1ncnc2c1nc[nH]2)C,5.146,-5.519,-0.373,2.18,4.6930000000000005,0.2585,4.978,0.0004,5.016,0.1111,5.048,,4.0,1.0,57.7,0.419,45.89,151.79
27458,CCc1nccnc1CC,5.399,-6.513999999999999,-1.1159999999999999,0.73,4.03,0.0053,4.713,0.0001,5.088,0.1429,5.542999999999999,,2.0,0.0,25.78,1.601,41.58,41.67
23151,Cc1ccc(c2c1CCC2)C,6.305,-5.997000000000001,0.307,0.52,5.111000000000001,0.0013,5.662000000000001,0.0098,5.754,0.0,5.803,,0.0,0.0,0.0,2.792,49.0,43.58
27545,COc1ccc2c(c1)[nH]c1c2CCNCC1,5.018,-4.849,0.16899999999999998,3.62,4.244,0.0017,4.401,0.1011,4.609,0.0037,4.79,,2.0,2.0,37.05,2.193,68.94,159.14
25930,Cc1cc(nn1CC=C)C,6.28,-6.104,0.177,2.21,5.287999999999999,0.0428,5.37,0.0062,5.745,0.0036,5.795,,2.0,0.0,17.82,1.686,42.56,8.74
7948,Cc1cc(C)cc(c1)O,5.872000000000001,-5.7989999999999995,0.073,1.35,4.92,0.0481,5.138,0.0002,5.653,0.0022,5.6739999999999995,,1.0,1.0,20.23,2.009,38.4,52.97
6893,Cc1c(C)cccc1N,5.63,-5.279,0.35100000000000003,1.62,4.662,0.0116,4.785,0.0367,5.252000000000001,0.0014,5.399,,1.0,1.0,26.02,2.467,40.78,62.15
25916,CCc1nc(C)cnc1C,5.494,-6.43,-0.9359999999999999,0.52,4.126,0.005,4.727,0.0001,5.02,0.1443,5.5729999999999995,,2.0,0.0,25.78,1.656,41.74,47.18
33755,OC(=O)[C@H](Cc1cc(O)c(cc1O)O)N,5.276,-5.529,-0.253,5.57,4.438,0.0037,4.499,0.1187,4.6530000000000005,0.0017,4.852,,6.0,5.0,124.01,0.45799999999999996,51.57,260.16
34549,Cc1ccc(c(c1)C)/N=N/c1ccc(cc1C)C,3.665,-5.712000000000001,-2.046,0.09,2.477,0.0,3.31,0.833,3.799,0.0,3.8139999999999996,,2.0,0.0,24.72,5.336,76.92,80.17
21819,CCN=c1[nH]c(=N)[nH]c(=N)[nH]1,6.497999999999999,-6.142,0.35600000000000004,2.17,5.114,0.0065,5.667000000000001,0.0497,5.723,0.1101,5.811,,6.0,3.0,102.74,0.703,42.75,184.04
27975,C/N=C(\Oc1cccc2c1OC([C@H]2O)(C)C)/O,5.57,-5.973,-0.40299999999999997,1.1,4.724,0.0756,5.401,0.0145,5.447,0.0023,5.575,,5.0,2.0,67.79,2.0,61.29,128.5
30235,CC[C@H](c1ccc(c(c1O)C(=O)O)C)C,4.68,-6.098,-1.4180000000000001,4.26,4.041,0.1102,4.968,0.026000000000000002,5.122000000000001,0.068,5.439,,3.0,2.0,57.53,2.912,59.78,143.3
11849,Cc1c(N(=O)=O)c(C)cc(c1N(=O)=O)C,4.898,-7.422999999999999,-2.525,3.87,3.637,0.0461,3.648,0.0123,3.9930000000000003,0.0076,4.164,,0.0,0.0,91.64,3.475,58.98,96.43
3293,CCOc1ccc2c(c1)C(=CC(N2)(C)C)C,4.18,-4.607,-0.42700000000000005,1.35,3.458,0.0609,4.152,0.005,4.572,0.0,4.574,,2.0,1.0,21.26,3.8310000000000004,72.42,91.96
40060,CCCc1cc(CCC)c(c(c1)CN)O,5.459,-5.317,0.142,3.17,4.494,0.0436,4.819,0.0209,5.131,0.037000000000000005,5.391,,2.0,2.0,46.25,3.4560000000000004,65.3,109.4
30976,N=c1[nH]c(N)c2c([nH]1)ncn2,4.335,-5.45,-1.1159999999999999,6.28,3.7760000000000002,0.0678,4.114,0.0002,4.619,0.0017,4.87,,5.0,3.0,106.5,0.68,40.49,241.76
20911,C/N=C(\Oc1ccc(c2c1OC(C2)(C)C)C)/O,5.655,-5.63,0.024,3.21,4.812,0.069,5.117,0.0048,5.485,0.0207,5.5360000000000005,,4.0,1.0,47.56,2.818,65.09,114.72
32889,Cc1cccc(c1N[C]1[N]CCS1)C,5.712000000000001,-5.864,-0.152,1.0,4.71,0.0097,4.953,0.0593,5.008,0.0236,5.207000000000001,,3.0,1.0,49.69,2.327,67.78,95.63
36213,NNC(=N)NC1=N[C@H](C=C(N1)/N=C(\NN)/[NH])C,4.8,-5.995,-1.195,2.63,4.163,0.1558,4.251,0.0354,4.771,0.0026,4.887,,10.0,6.0,178.64,1.187,61.85,362.0
30215,Cc1oc(c(n1)C)C,6.335,-5.905,0.43,1.46,5.41,0.0,5.85,0.2111,5.944,0.0038,6.21,,2.0,0.0,26.03,1.6,31.4,31.56
19106,C/N=C(\Oc1ccc(c(c1)C)SC)/O,5.597,-6.131,-0.5329999999999999,1.38,4.449,0.0052,4.872,0.001,5.072,0.0001,5.309,,4.0,1.0,63.63,2.826,57.82,85.32
28654,COc1cc2CCN([C@H](c2c2c1OCO2)C)C,5.747000000000001,-5.372000000000001,0.376,1.22,4.74,0.0057,4.864,0.0004,5.035,0.0112,5.0489999999999995,,4.0,0.0,30.93,1.911,68.05,76.78
10687,Cc1c(C)cccc1O,5.932,-5.747000000000001,0.185,0.87,5.015,0.0335,5.069,0.0003,5.665,0.0062,5.702000000000001,,1.0,1.0,20.23,2.009,38.4,52.97
4819,CC[C@H]1C(=O)OC[C@H]1Cc1cncn1C,6.351,-6.136,0.215,6.42,5.131,0.001,5.496,0.0014,5.605,0.0022,5.7589999999999995,,4.0,0.0,44.12,1.162,56.47,56.86
25422,Cc1c(C)coc1C,6.24,-5.478,0.762,0.95,5.126,0.0031,5.496,0.0,5.649,0.006,5.653,,1.0,0.0,13.14,2.205,33.61,16.06
23880,Cc1cc(C)c2c(c1)ccc1c2c(C)cc(c1)C,4.427,-5.391,-0.963,0.49,3.739,0.0015,3.908,0.1133,4.454,0.1446,4.777,,0.0,0.0,0.0,5.227,81.32,112.34
15141,CC[C@H](c1ccc(cc1C)C)C,6.218,-6.0360000000000005,0.182,0.26,5.102,0.0061,5.638999999999999,0.0569,5.68,0.0095,5.9479999999999995,,0.0,0.0,0.0,3.8169999999999997,55.76,14.84
7267,Cc1ccc(c(c1)O)C,5.9079999999999995,-5.723,0.185,1.39,4.945,0.0536,5.047,0.0002,5.669,0.0028,5.681,,1.0,1.0,20.23,2.009,38.4,52.97
25375,Cc1c(C)noc1C,6.351,-6.43,-0.079,3.34,5.854,0.0006,5.902,0.1523,6.311,0.0,6.377000000000001,,2.0,0.0,26.03,1.6,31.4,31.56
29731,O=Cc1cc(O)c2c(c1O)oc(c2C)C,3.7910000000000004,-5.48,-1.69,4.26,3.411,0.149,4.012,0.0003,4.16,0.23600000000000002,4.614,,4.0,2.0,70.67,2.273,55.58,173.28
13862,Cc1oc(C)cc(=O)c1,5.355,-6.182,-0.8270000000000001,4.78,3.952,0.0,4.9719999999999995,0.0003,5.486000000000001,0.1768,5.527,,2.0,0.0,30.21,1.2570000000000001,34.91,46.66
12651,COc1cc(C)oc(=O)c1,5.1160000000000005,-6.125,-1.01,4.57,4.658,0.136,5.0489999999999995,0.0,5.612,0.0002,5.735,,3.0,0.0,39.44,0.9570000000000001,36.44,47.93
12,Oc1cc(O)c(c(c1)O)O,5.614,-5.11,0.503,3.64,4.2330000000000005,0.0017,4.569,0.0,4.77,0.0531,4.87,,4.0,4.0,80.92,0.509,34.53,166.21
8417,COc1cc2oc(=O)ccc2cc1OC,4.163,-5.877999999999999,-1.714,6.8,3.733,0.1806,4.419,0.1118,4.481,0.0443,5.018,,4.0,0.0,48.67,1.81,55.47,94.54
22168,CC(NC[C@@H](c1cc(C)ccc1C)O)C,6.1610000000000005,-5.919,0.242,3.03,5.091,0.0037,5.497000000000001,0.0114,5.537000000000001,0.0381,5.6979999999999995,,2.0,2.0,32.26,2.7260000000000004,64.53,59.97
17777,Cc1cc(O)nc(n1)C(C)C,6.055,-6.727,-0.672,3.25,4.657,0.0011,5.115,0.0025,5.415,0.0474,5.882000000000001,,2.0,1.0,45.75,1.202,44.4,108.89
4197,N#Cc1cc(c2ccncc2)c(nc1O)C,4.966,-6.876,-1.91,1.8,4.386,0.1094,4.5760000000000005,0.0016,4.62,0.0232,4.793,,3.0,1.0,69.54,1.617,59.97,182.39
17903,C/C=C/c1cc(OC)c(cc1OC)OC,4.67,-5.007,-0.337,3.32,4.156000000000001,0.2926,4.584,0.0005,4.8180000000000005,0.2426,5.0280000000000005,,3.0,0.0,27.69,2.745,60.82,44.5
16947,CCOC(=O)c1[nH]c(c(c1C)C(=O)C)C,5.246,-6.065,-0.8190000000000001,3.12,4.095,0.0002,4.626,0.1875,4.989,0.0002,5.051,,3.0,1.0,59.16,2.011,57.01,121.45
37220,COc1[nH]c(nc1N(=O)=O)C,4.716,-6.485,-1.7690000000000001,7.28,3.822,0.0048,4.14,0.1354,4.438,0.0006,4.982,,2.0,1.0,83.73,1.158,38.87,115.84
33444,CC([N]C1=N[C](C)N/C(=N/C(C)C)/N1)C,5.577999999999999,-6.125,-0.547,2.75,4.84,0.0022,4.9510000000000005,0.0954,5.082,0.1056,5.359,,5.0,2.0,62.73,1.9669999999999999,62.63,122.13
17198,COc1cc(cc(c1O)OC)C(=O)C,4.697,-5.905,-1.208,2.49,3.843,0.0004,4.291,0.024,4.391,0.2278,5.254,,4.0,1.0,55.76,1.6119999999999999,51.64,91.4
10364,CC(c1ccc(c(c1)O)C)C,5.935,-5.728,0.207,1.29,4.988,0.0491,5.002,0.0034,5.5889999999999995,0.0082,5.648,,1.0,1.0,20.23,2.824,48.01,51.64
29736,CCc1cc(O)c2c(c1O)c(C)c(o2)C,5.078,-4.944,0.133,2.14,4.269,0.0178,4.433,0.0299,4.493,0.0856,4.894,,3.0,2.0,53.6,3.023,59.97,142.68
33047,CCc1cc(C)ccc1CC,6.24,-6.046,0.193,0.26,5.075,0.0061,5.504,0.0607,5.78,0.0028,5.931,,0.0,0.0,0.0,3.12,50.95,15.5
33420,C[N]C1=N[C](N/C(=N/C)/N1)CC(C)C,5.306,-5.984,-0.6779999999999999,2.64,4.654,0.0551,4.785,0.0183,4.802,0.0778,5.417999999999999,,5.0,2.0,62.73,1.3,57.83,122.79
6974,Cc1ccc(c(c1)N(=O)=O)C,4.735,-6.972,-2.237,4.49,3.705,0.0038,3.89,0.0319,4.276,0.0024,4.632,,0.0,0.0,45.82,2.735,45.2,51.79
18334,COc1cc(cc(c1OC)OC)C(=N)O,5.358,-6.272,-0.914,4.87,4.654,0.0308,4.928999999999999,0.16399999999999998,5.104,0.0028,5.534,,5.0,1.0,70.78,1.5119999999999998,54.01,111.45
37198,C/C(=N\c1oc(c(n1)C)C)/O,4.811,-5.507999999999999,-0.6970000000000001,2.57,4.45,0.4209,4.808,0.0019,5.202000000000001,0.0001,5.2139999999999995,,4.0,1.0,55.13,1.3230000000000002,40.75,83.01
6989,Cc1ccc(c(c1)O)C(C)C,5.916,-5.755,0.161,1.59,4.945,0.051,5.058,0.0,5.622000000000001,0.0212,5.647,,1.0,1.0,20.23,2.824,48.01,51.64
16134,N=C1NC(=N[C](N1)N(C)C)[NH],5.962000000000001,-5.803999999999999,0.158,3.77,4.965,0.0022,5.24,0.0696,5.31,0.1019,5.49,,6.0,2.0,93.95,0.264,42.84,159.5
33943,OCCc1ccc(c(c1)C)C,6.242000000000001,-6.272,-0.03,2.31,5.132999999999999,0.0025,5.641,0.0693,5.822,0.0055,6.111000000000001,,1.0,1.0,20.23,1.838,47.31,34.78
6168,CCn1cnc(c1/C(=N/C)/O)/C(=N\C)/O,4.523,-5.752999999999999,-1.23,9.56,3.745,0.0019,3.964,0.0753,4.796,0.0243,4.8469999999999995,,6.0,2.0,76.02,0.40399999999999997,54.29,146.48
33822,CCC[N]C1=N[C](N/C(=N/C(C)C)/N1)C,5.581,-6.1579999999999995,-0.5770000000000001,3.01,4.875,0.0064,4.9510000000000005,0.0907,5.118,0.0901,5.394,,5.0,2.0,62.73,1.9680000000000002,62.63,122.13
11347,CCOc1nc2c(n1C)c(=O)n(c(=O)n2C)C,5.113,-5.547999999999999,-0.435,5.22,4.669,0.2004,4.928999999999999,0.0035,5.151,0.0,5.485,,7.0,0.0,71.05,-0.631,63.34,148.99
26334,CCc1ncc(nc1C)C,5.502000000000001,-6.433,-0.9309999999999999,0.38,4.137,0.005,4.713,0.0001,5.025,0.1462,5.582000000000001,,2.0,0.0,25.78,1.656,41.74,47.18
11052,CC(c1ccc(c(c1O)C(=O)O)C)C,5.396,-6.46,-1.064,6.71,4.5889999999999995,0.0662,4.632,0.0026,5.29,0.0052,5.388,,3.0,2.0,57.53,2.522,54.97,143.97
14280,Cc1ncc(c(c1)C)C,6.101,-6.452000000000001,-0.35100000000000003,2.39,4.913,0.0044,5.224,0.0517,5.261,0.0003,5.937,,1.0,0.0,12.89,2.0069999999999997,39.13,32.33
3841,NCc1cc(=O)c(co1)O,5.206,-6.1770000000000005,-0.971,4.79,3.932,0.0,4.829,0.08900000000000001,5.045,0.0188,5.181,,4.0,2.0,76.46,0.504,34.67,137.05
11083,C=CCC1=C(C)[C@@H](CC1=O)O,5.2139999999999995,-6.528,-1.314,2.43,3.763,0.0004,4.806,0.0089,5.335,0.0675,5.678999999999999,,2.0,1.0,37.3,1.213,43.68,30.06
20833,Cc1cc(cc(c1)C)C(C)C,6.377999999999999,-6.169,0.21,0.08,5.121,0.0007,5.684,0.0025,5.827000000000001,0.0002,5.886,,0.0,0.0,0.0,3.427,50.95,15.5
26606,C/N=C(\Oc1ccc(c(c1)C(C)C)SC)/O,5.445,-5.606,-0.161,1.62,4.541,0.0277,4.829,0.0129,4.977,0.2762,5.239,,4.0,1.0,63.63,3.641,67.43,83.99
33372,CCCOc1ccc(cc1C)/C=C/C(=N\O)/O,4.0489999999999995,-5.431,-1.382,4.95,3.852,0.8048,4.381,0.0116,4.49,0.0804,4.933,,4.0,2.0,58.56,2.693,66.14,138.27
18034,CCOc1cc(C=O)cc(c1O)C=O,4.2780000000000005,-6.5360000000000005,-2.259,2.34,3.638,0.0334,3.7680000000000002,0.0003,3.9,0.0023,4.22,,4.0,1.0,63.6,1.416,50.54,118.28
27553,Cc1ccc2c(c1)c1CCNCCc1[nH]2,5.151,-5.0889999999999995,0.063,2.62,4.489,0.0194,4.53,0.0676,4.669,0.0302,4.865,,1.0,2.0,27.82,2.4930000000000003,67.41,157.87
33811,CCCC/N=C/1\N[C](C)N=C(N1)[N]C,5.086,-5.837000000000001,-0.7509999999999999,4.61,4.378,0.023,4.672,0.0029,4.907,0.1054,4.945,,5.0,2.0,62.73,1.58,57.83,122.79
6858,COc1cc(C=O)cc(c1OC)OC,4.659,-6.142,-1.483,3.96,3.767,0.0006,3.963,0.0328,4.346,0.2238,5.285,,4.0,0.0,44.76,1.525,51.31,55.41
5910,CC[C@@H]1C(=O)OC[C@@H]1Cc1cncn1C,6.234,-6.0360000000000005,0.19899999999999998,1.96,5.252999999999999,0.0005,5.397,0.0028,5.601,0.0139,5.65,,4.0,0.0,44.12,1.162,56.47,56.86
33415,CC[N]C1=N[C](N/C(=N/CC)/N1)C(C)C,5.577999999999999,-6.109,-0.531,2.75,4.917,0.0003,4.947,0.1139,5.154,0.0692,5.398,,5.0,2.0,62.73,2.005,62.63,122.13
17030,O=N(=O)c1cc(C)c(c(c1)C)O,4.544,-6.621,-2.076,5.88,3.767,0.0,4.053999999999999,0.2114,4.178,0.0473,4.323,,1.0,1.0,66.05,2.44,47.22,92.76
19141,OC(=N)c1cc(cc(c1C)N)N(=O)=O,3.935,-6.462999999999999,-2.528,6.87,3.2230000000000003,0.0398,3.741,0.0,4.061,0.0477,4.275,,3.0,2.0,114.93,2.3890000000000002,52.73,187.92
13252,C/N=C(\Oc1cc(C)c(c(c1)C)N)/O,5.519,-5.372000000000001,0.147,3.47,4.6160000000000005,0.0094,4.72,0.052000000000000005,5.237,0.0168,5.294,,4.0,2.0,64.35,2.576,55.47,126.5
8597,CC(=O)OC1=C(OC(=O)C)C(=O)OC1=O,5.064,-7.989,-2.925,6.17,3.977,0.001,4.302,0.0005,4.44,0.0895,4.717,,7.0,0.0,95.97,-0.5920000000000001,42.04,70.03
12029,Cc1cc(C)c(cc1N(=O)=O)N(=O)=O,5.121,-7.957000000000001,-2.835,5.31,3.7119999999999997,0.0013,3.714,0.0038,4.19,0.001,4.249,,0.0,0.0,91.64,3.1660000000000004,54.02,91.59
15162,CCc1c(C)[nH]c(c1C)C(=O)C,4.803,-5.553999999999999,-0.7509999999999999,2.7,4.17,0.0001,4.5089999999999995,0.3268,4.907,0.1024,5.008,,1.0,1.0,32.86,2.397,50.69,99.34
6715,COc1c2c(CCN([C@H]2O)C)cc2c1OCO2,5.685,-5.497000000000001,0.188,2.81,4.738,0.0374,5.013999999999999,0.0025,5.051,0.0062,5.075,,5.0,1.0,51.16,0.841,64.4,96.06
21507,Cc1cc(C)nc(c1)N,5.377000000000001,-5.557,-0.18,1.85,4.591,0.0768,5.015,0.0043,5.204,0.0046,5.517,,2.0,1.0,38.91,1.8619999999999999,38.57,77.65
34377,CCN(C[C@@H]1C(=O)[C@@]2(C([C@H]1CC2)(C)C)C)CC,5.412000000000001,-5.644,-0.231,2.95,4.21,0.0008,4.593999999999999,0.0008,5.29,0.0219,5.46,,2.0,0.0,20.31,2.97,72.57,74.02
25069,O=CN(c1c(C)cc(cc1C)O/C(=N\C)/O)C,6.016,-6.531000000000001,-0.514,2.8,5.088,0.0007,5.254,0.0001,5.446000000000001,0.1779,5.534,,5.0,1.0,58.64,2.641,65.86,108.08
22495,Cc1[nH]c2c(c1C)C(=O)CCC2,5.148,-5.486000000000001,-0.337,5.4,4.05,0.0005,4.4719999999999995,0.0493,4.64,0.0016,5.212000000000001,,1.0,1.0,32.86,2.151,48.58,121.92
39036,C[C@@H]1CC(=O)c2c(C1=O)c(O)c(c(c2O)O)O,3.75,-6.065,-2.316,2.08,3.373,0.1097,3.6710000000000003,0.1414,3.7769999999999997,0.0003,3.9610000000000003,,6.0,4.0,115.06,0.914,57.62,259.93
21025,CN(Cc1cc(C(C)C)c(c(c1)C(C)C)O)C,5.7989999999999995,-5.547999999999999,0.25,1.9,4.8260000000000005,0.0252,4.933,0.0056,4.9910000000000005,0.0106,5.187,,2.0,1.0,23.47,3.701,75.1,56.46
36827,ON1C(=O)C2=C(C1=O)SCCS2,3.625,-6.155,-2.531,4.4,2.947,0.0532,3.641,0.0001,4.356,0.0232,4.606,,6.0,1.0,108.21,0.374,49.38,152.49
4076,NCCc1cc(OC)c(c(c1)OC)OC,5.989,-5.63,0.359,3.78,4.896,0.0032,5.184,0.006999999999999999,5.277,0.0215,5.382000000000001,,4.0,1.0,53.71,1.9140000000000001,58.4,79.06
36326,C/N=C/Nc1ccc(cc1C)C,5.222,-5.29,-0.068,1.32,4.423,0.1255,4.763,0.4176,4.9430000000000005,0.0018,5.071000000000001,,2.0,1.0,24.39,2.4459999999999997,54.17,64.75
21729,CNC[C@@H](c1c[nH]c2c1cc(SC)cc2)C,5.181,-5.483,-0.302,4.17,4.471,0.006999999999999999,4.497,0.0416,4.698,0.0024,4.7589999999999995,,2.0,2.0,53.12,3.6039999999999996,72.21,138.77
21685,CC[C@H](c1cccc(c1O)[C@H](CC)C)C,5.8420000000000005,-5.709,0.133,1.63,4.9239999999999995,0.0596,5.05,0.0051,5.494,0.0036,5.619,,1.0,1.0,20.23,4.419,67.24,48.98
35132,N#CCS[C]1N/C(=N/CC)/NC(=N1)[N]CC,5.3389999999999995,-6.406000000000001,-1.067,2.93,4.672,0.0623,4.732,0.0004,4.8469999999999995,0.0036,4.919,,7.0,2.0,111.82,1.4969999999999999,64.33,165.67
29587,CC(c1ccc(c(c1O)O)C(=O)O)C,5.184,-6.2860000000000005,-1.102,7.96,4.479,0.0447,4.702,0.0002,4.93,0.0028,5.236000000000001,,4.0,3.0,77.76,1.919,52.03,180.1
26324,CCOc1cc(ccc1O)C(=O)N(CC)CC,5.202999999999999,-5.577999999999999,-0.376,3.35,4.584,0.1009,4.708,0.0289,4.864,0.0027,5.03,,4.0,1.0,49.77,2.273,67.28,85.28
21755,NC(=O)c1ccc(c(c1)C)C,5.614,-6.455,-0.841,4.05,4.565,0.0062,4.874,0.0241,5.263999999999999,0.2118,5.766,,2.0,1.0,43.09,2.103,44.47,102.8
36098,CCc1nc(sc1C)C,5.657,-6.022,-0.365,0.93,5.101,0.1346,5.143,0.001,5.354,0.0003,5.527,,2.0,0.0,41.13,2.322,41.82,30.9
27809,OCc1ccc(cc1C)C,6.155,-6.28,-0.125,1.64,5.109,0.0005,5.566,0.0921,5.95,0.0015,6.1160000000000005,,1.0,1.0,20.23,1.796,42.5,35.45
12840,O=Cc1cc2OCOc2cc1N(=O)=O,3.924,-6.729,-2.806,5.7,3.239,0.012,3.335,0.0695,3.7739999999999996,0.0063,4.02,,3.0,0.0,81.35,1.659,46.71,112.34
36215,NNC(=N)NC1=NCC(=C(N1)/N=C(\NN)/[NH])C,4.659,-5.976,-1.317,2.0,3.995,0.0308,4.083,0.2204,4.526,0.0136,4.617,,10.0,6.0,178.64,1.187,61.85,362.0
34884,C[C@H]1C=Cc2c(C1)c(C)ccc2C,4.974,-5.559,-0.585,0.48,4.496,0.1692,4.516,0.0546,5.142,0.0448,5.412000000000001,,0.0,0.0,0.0,3.509,58.93,62.61
25768,Cn1cnc2c1c(=S)n(C)c(=O)n2C,4.1819999999999995,-5.829,-1.646,3.83,3.022,0.0,3.927,0.2931,4.638,0.055,5.038,,6.0,0.0,76.84,0.34,56.6,151.29
7137,C/C=C/c1ccc(c(c1)OC)OC(=O)C,4.895,-5.5889999999999995,-0.6940000000000001,1.85,4.457,0.2403,4.723,0.1729,5.1,0.0125,5.296,,3.0,0.0,35.53,2.654,59.33,59.12
19112,O=C(N(C)C)Oc1cc(C)nc(c1)C,6.185,-6.528,-0.34299999999999997,3.89,5.011,0.0034,5.218999999999999,0.0422,5.29,0.0003,5.693,,4.0,0.0,42.43,1.7590000000000001,53.76,66.64
16691,Cc1c(C)ccnc1C,6.226,-6.479,-0.253,2.49,4.995,0.0039,5.172999999999999,0.0004,5.297999999999999,0.0447,5.946000000000001,,1.0,0.0,12.89,2.0069999999999997,39.13,32.33
27376,CCc1ccc2c(c1)C(=O)C1=C(C2=O)CCCC1,4.008,-6.822,-2.8139999999999996,0.91,2.739,0.0,3.0810000000000004,0.0,3.245,0.0057,3.6239999999999997,,2.0,0.0,34.14,3.4989999999999997,71.13,137.42
36225,CCc1cnc(c(n1)C)CC,5.407,-6.4110000000000005,-1.004,0.55,4.055,0.0053,4.762,0.0003,4.9719999999999995,0.171,5.5360000000000005,,2.0,0.0,25.78,1.91,46.54,46.51
14313,O=C1Nc2c(C1=O)cccc2C,3.842,-6.425,-2.582,6.25,2.68,0.0,3.015,0.0251,4.19,0.0805,4.3580000000000005,,3.0,1.0,46.17,1.268,47.12,123.24
38007,Cc1ccc2c(c1)c(C)c1n2CNCC1,5.075,-4.977,0.098,2.83,4.315,0.1016,4.4719999999999995,0.0164,4.598,0.0296,4.868,,2.0,1.0,16.96,2.69,67.51,114.43
28009,Oc1ccc2c(c1)OC(C1=C2CCCC1)(C)C,4.7589999999999995,-5.1080000000000005,-0.348,2.17,4.195,0.2082,4.52,0.0139,4.619,0.004,4.802,,2.0,1.0,29.46,3.891,69.7,122.05
16732,Cc1cc2c(cc1C)cccc2C,4.748,-5.51,-0.762,0.79,4.26,0.07200000000000001,4.334,0.0007,5.272,0.0013,5.428999999999999,,0.0,0.0,0.0,3.765,58.85,62.17
34900,CC[C]1NC(=NC(=N1)CC)[N]C,4.65,-5.792999999999999,-1.143,3.07,3.8,0.0242,4.198,0.003,4.689,0.0,5.19,,4.0,1.0,50.7,1.111,48.68,92.74
10695,Cc1cc(C)c(c(c1)C)C,6.21,-5.935,0.275,0.33,5.085,0.0015,5.629,0.0039,5.642,0.027000000000000003,5.856,,0.0,0.0,0.0,2.92,46.31,21.67
25143,COc1cc2OCOc2cc1N(=O)=O,4.025,-5.965,-1.94,6.51,3.466,0.1472,3.658,0.0009,4.3,0.0034,4.531000000000001,,3.0,0.0,73.51,1.855,47.82,83.68
28617,C/N=C(\Oc1cc(C)c(c(c1)C)O)/O,5.792999999999999,-5.81,-0.016,2.58,4.948,0.0405,5.02,0.0019,5.547999999999999,0.0272,5.683,,4.0,2.0,58.56,2.1180000000000003,53.09,117.31
30463,CCCN1COc2c(C1=O)cc(cc2)N(C)C,4.188,-5.004,-0.816,1.93,3.515,0.0471,4.5280000000000005,0.026000000000000002,4.593,0.0017,4.787,,4.0,0.0,32.78,1.893,71.65,78.56
15653,CCc1cc(C)ccc1C,6.256,-6.037999999999999,0.218,0.28,5.096,0.0048,5.595,0.0325,5.742000000000001,0.0079,5.98,,0.0,0.0,0.0,2.866,46.15,16.16
3608,O=C1N=C(O)[C@@](C(=O)N1C)(C)C1=CCCCC1,5.51,-6.92,-1.41,5.51,4.409,0.0036,4.657,0.0015,4.886,0.0044,5.154,,5.0,1.0,66.48,1.4680000000000002,69.35,150.83
12073,OC(=O)c1ccc(c(c1)C)C,5.519,-6.664,-1.146,2.33,4.739,0.0273,4.918,0.0,5.1579999999999995,0.2846,6.145,,2.0,1.0,37.3,2.002,43.33,104.32
36586,CC(=O)c1cc(O)c(c(c1)O)O,4.542,-5.834,-1.2930000000000001,0.79,3.846,0.0001,4.17,0.0921,4.33,0.1663,4.829,,4.0,3.0,77.76,1.006,42.71,161.14
14270,CC1=C(C)CCC1=O,5.3629999999999995,-6.2589999999999995,-0.895,3.83,3.892,0.0002,5.585,0.315,5.9670000000000005,0.0119,6.162999999999999,,1.0,0.0,17.07,1.686,33.38,33.37
23821,CC(C1C(=O)N(C)C(=O)N(C1=O)C)C,5.834,-7.105,-1.271,1.55,4.515,0.0007,5.176,0.0134,5.405,0.0666,5.6739999999999995,,5.0,0.0,57.69,0.185,57.87,73.8
16547,CC(=O)c1c(O)cc(c(c1O)C(=O)C)O,4.699,-6.226,-1.527,6.6,3.983,0.028999999999999998,4.061,0.0076,4.194,0.0053,4.382,,5.0,3.0,94.83,1.209,52.9,197.04
22178,COc1cc2C[C@@H](C)N=Cc2cc1OC,4.83,-5.7170000000000005,-0.887,4.01,4.211,0.0053,4.368,0.1538,4.632,0.0254,5.24,,3.0,0.0,30.82,1.5030000000000001,63.87,63.32
4994,CCC1(CC)C(=O)C=CN=C1O,4.55,-6.513999999999999,-1.965,2.11,3.407,0.0007,4.092,0.0036,4.101,0.1154,5.598,,3.0,1.0,46.17,1.334,49.65,92.46
10696,Oc1cc(C)c(c(c1)C)C,5.877999999999999,-5.562,0.316,1.44,4.923,0.0345,4.958,0.001,5.382999999999999,0.0037,5.622999999999999,,1.0,1.0,20.23,2.3169999999999997,43.36,57.8
33135,COc1nccnc1CC,5.382000000000001,-6.376,-0.993,1.45,4.354,0.0046,4.776,0.1465,5.188,0.0,5.811,,3.0,0.0,35.01,1.048,38.3,43.61
33411,CCC[C]1N/C(=N/C(C)C)/NC(=N1)[N]C(C)C,5.303999999999999,-5.962000000000001,-0.659,2.81,4.646,0.064,4.7780000000000005,0.0296,4.84,0.0851,5.3870000000000005,,5.0,2.0,62.73,2.611,72.25,120.8
26175,COc1cc(C[C@@H](N)C)cc2c1OCO2,5.755,-5.407,0.348,2.22,4.774,0.0067,4.944,0.0123,5.0569999999999995,0.04,5.34,,4.0,1.0,53.71,2.0140000000000002,56.28,101.64
19309,C[C@H]1OC(=C(C1=O)O)C,4.83,-5.807,-0.977,4.48,3.9819999999999998,0.0005,4.529,0.171,4.7,0.0087,5.63,,3.0,1.0,46.53,0.764,31.22,36.38
22015,O=Cc1cc(C)ccc1C,5.059,-6.622999999999999,-1.565,3.32,3.658,0.0001,4.343999999999999,0.0451,5.1080000000000005,0.1739,5.585,,1.0,0.0,17.07,2.116,41.76,46.76
36676,Cc1ccc(cc1C)CCc1ccc(c(c1)C)C,6.147,-5.9510000000000005,0.196,0.2,5.111000000000001,0.0006,5.115,0.0061,5.417999999999999,0.0132,5.449,,0.0,0.0,0.0,4.705,80.57,56.24
30349,Cc1ccc2c(c1)OCC2=O,4.729,-6.343,-1.614,3.01,3.77,0.0001,4.09,0.0935,4.997,0.2115,5.7829999999999995,,2.0,0.0,26.3,1.57,41.17,72.4
28518,CCc1nc(C)c(nc1C)C,5.551,-6.343,-0.792,0.12,4.198,0.005,4.793,0.0001,4.959,0.1749,5.555,,2.0,0.0,25.78,1.964,46.7,52.02
9503,C/N=C(\Oc1cc(cc(c1)C(C)C)C(C)C)/O,6.229,-6.237,-0.008,1.6,5.142,0.0008,5.599,0.0748,5.768,0.0037,5.925,,3.0,1.0,38.33,4.043,70.29,73.68
10194,OC(=O)c1c(C)cc(cc1C)C,5.7170000000000005,-6.651,-0.9329999999999999,4.55,4.809,0.0226,4.949,0.0569,5.3420000000000005,0.0719,5.877000000000001,,2.0,1.0,37.3,2.31,48.3,109.16
31201,O=C1C=C(OC(=O)N(C)C)CC(C1)(C)C,5.162000000000001,-6.332000000000001,-1.17,5.13,3.7119999999999997,0.0004,5.032,0.1607,5.352,0.1889,5.785,,4.0,0.0,46.61,1.9580000000000002,56.91,71.39
4086,O[C@H](c1cc(O)cc(c1)O)CNC(C)C,5.946000000000001,-5.796,0.15,3.38,4.9430000000000005,0.017,5.007,0.0039,5.322,0.0006,5.394,,4.0,4.0,72.72,1.52,58.65,132.24
29485,Cc1nc(c([nH]1)N(=O)=O)N(=O)=O,4.444,-7.709,-3.265,7.27,3.497,0.0307,3.74,0.0063,4.07,0.0173,4.123,,1.0,1.0,120.32,1.581,41.2,149.53
6612,C=CCCC(=O)/C=C/[C@H]1C(=CCCC1(C)C)C,5.018,-6.377999999999999,-1.361,2.68,3.532,0.0002,4.16,0.0013,4.717,0.0097,5.172000000000001,,1.0,0.0,17.07,4.46,75.43,31.85
23150,Cc1c(C)cc(c2c1CCC2)C,6.112,-5.821000000000001,0.29100000000000004,0.33,5.03,0.0059,5.516,0.0051,5.604,0.0078,5.6770000000000005,,0.0,0.0,0.0,3.1,53.97,48.42
10288,Cc1cc2cc3cccc(c3c(c2c(c1)O)O)O,3.41,-4.52,-1.11,1.4,2.984,0.0689,3.591,0.1725,3.818,0.0007,4.205,,3.0,3.0,60.69,3.418,72.49,220.75
8423,COc1cc(ccc1OC)C[C@@H](N)C,5.733,-5.584,0.15,1.86,4.8660000000000005,0.0301,5.144,0.0385,5.261,0.0607,5.437,,3.0,1.0,44.48,2.294,56.71,72.29
7,CCn1cnc2c1[N]C=N[C]2N,5.442,-5.8420000000000005,-0.4,2.48,4.949,0.1801,4.986000000000001,0.0314,5.215,0.0366,5.433,,5.0,1.0,69.62,1.01,45.8,146.83
17096,Cc1c(C)nc2c(c1C)cccc2,4.887,-5.995,-1.1079999999999999,2.27,4.338,0.0014,4.387,0.0497,4.421,0.0462,5.223,,1.0,0.0,12.89,3.16,56.64,77.67
33403,CC[C]1N/C(=N/C)/NC(=N1)[N]C,5.35,-6.0,-0.65,2.64,4.7,0.0438,4.8180000000000005,0.0049,4.853,0.1103,5.456,,5.0,2.0,62.73,0.6629999999999999,48.21,124.12
13629,CCc1ccc(c(c1)C)C,6.2829999999999995,-6.041,0.242,0.34,5.148,0.003,5.614,0.0667,5.771,0.0125,5.986000000000001,,0.0,0.0,0.0,2.866,46.15,16.16
16247,C/N=C(\Oc1ccc(c(c1)C)N(C)C)/O,5.4639999999999995,-5.483,-0.019,2.27,4.525,0.0261,4.823,0.1612,5.093,0.0596,5.346,,4.0,1.0,41.57,2.17,60.3,81.85
27460,CCc1cnc(c(n1)C)C,5.47,-6.438,-0.9690000000000001,0.66,4.103,0.0051,4.79,0.0001,5.02,0.1576,5.5760000000000005,,2.0,0.0,25.78,1.656,41.74,47.18
32474,OCCN1C(=O)C2=C(C1=O)SCCS2,3.54,-6.037999999999999,-2.498,3.54,2.8289999999999997,0.0425,3.747,0.0003,4.136,0.0179,4.345,,6.0,1.0,108.21,-0.023,59.42,115.87
16266,C=Cc1c(C)cccc1C,5.472,-6.016,-0.544,0.26,4.7589999999999995,0.0083,4.993,0.2673,5.672999999999999,0.0719,5.696000000000001,,0.0,0.0,0.0,2.946,46.47,6.13
28818,Cc1cc(c2c(c1)c(C)cc(=O)o2)C(C)(C)C,4.533,-6.147,-1.614,5.08,3.966,0.0931,4.4910000000000005,0.1582,4.531000000000001,0.0,5.355,,2.0,0.0,30.21,3.707,71.69,101.79
10254,O=Cc1c(C)cc(cc1C)C,5.004,-6.544,-1.54,3.44,3.5239999999999996,0.0,4.325,0.0471,4.829,0.2792,5.535,,1.0,0.0,17.07,2.424,46.73,51.6
20413,OC(=O)c1c(ccc(c1O)C)C(C)C,5.412000000000001,-6.441,-1.0290000000000001,6.27,4.579,0.0555,4.713,0.0172,5.265,0.0019,5.382000000000001,,3.0,2.0,57.53,2.522,54.97,143.97
33046,CCc1c(CC)cccc1C,6.359,-6.1770000000000005,0.182,0.53,5.114,0.0006,5.5760000000000005,0.0282,5.8,0.0503,5.872999999999999,,0.0,0.0,0.0,3.12,50.95,15.5
34916,CC(C[C]1NC(=N)NC(=N1)[NH])C,5.4670000000000005,-6.28,-0.8140000000000001,5.88,4.817,0.0279,5.129,0.0792,5.297999999999999,0.0065,5.346,,5.0,2.0,90.71,1.3969999999999998,48.02,151.99
21616,O=C1OC(=O)c2c1c(C)ccc2C,4.833,-7.292999999999999,-2.46,5.65,3.9930000000000003,0.0001,4.168,0.0801,4.57,0.0,4.718,,3.0,0.0,43.37,1.614,46.12,98.75
20340,O=C1N=C(O)[C@](C(=O)N1C)(C)C(C)C,5.791,-7.225,-1.4340000000000002,5.11,4.506,0.0006,4.84,0.0008,5.096,0.0112,5.318,,5.0,1.0,66.48,0.624,57.52,117.03
19901,CCc1cncc(c1)C,6.117000000000001,-6.617999999999999,-0.501,2.55,4.782,0.0051,5.212000000000001,0.0687,5.234,0.0023,5.965,,1.0,0.0,12.89,1.952,38.98,26.83
17877,CCc1c(C)cccc1C,6.335,-6.169,0.166,0.58,5.141,0.0009,5.638,0.0359,5.83,0.0039,5.832000000000001,,0.0,0.0,0.0,2.866,46.15,16.16
11417,Cc1cnccc1C,6.28,-6.694,-0.414,2.83,4.928999999999999,0.0046,5.215,0.0,5.367000000000001,0.0364,6.061,,1.0,0.0,12.89,1.6980000000000002,34.17,27.5
30478,CSc1nnc(c(=O)n1N)C(C)C,4.825,-6.468,-1.6440000000000001,1.61,3.696,0.001,4.17,0.1788,4.673,0.0002,5.011,,6.0,1.0,99.1,0.779,52.74,131.04
19827,OC(=O)c1ccc(c(c1O)O)C,5.184,-6.2989999999999995,-1.1159999999999999,7.91,4.496,0.0501,4.704,0.0,4.919,0.0012,5.279,,4.0,3.0,77.76,1.104,42.41,181.43
22652,COc1cc2C(=NCCc2cc1OC)C,4.92,-5.695,-0.7759999999999999,3.61,4.237,0.0131,4.459,0.1543,4.712,0.0406,5.242999999999999,,3.0,0.0,30.82,1.504,63.87,63.32
10666,N#Cc1c(OC)ccn(c1=O)C,4.697,-6.229,-1.5319999999999998,6.82,4.168,0.1514,4.726,0.0,5.107,0.0519,5.481,,4.0,0.0,55.02,0.266,43.17,85.77
33108,Cc1cc2c(o1)cccc2C,5.327999999999999,-5.622000000000001,-0.294,1.24,4.8839999999999995,0.083,4.986000000000001,0.1998,5.279,0.0042,5.584,,1.0,0.0,13.14,3.05,46.15,56.56
37246,O=C1CC(C)(C)C(=O)C(=C1O)C,4.599,-6.832999999999999,-2.234,1.39,3.312,0.0001,3.4560000000000004,0.0001,4.488,0.2277,5.415,,3.0,1.0,54.37,1.3869999999999998,44.5,83.41
30479,CSc1nnc(c(=O)n1N)C(C)(C)C,4.83,-6.485,-1.6540000000000001,1.7,3.645,0.0007,4.181,0.1875,4.6419999999999995,0.0001,4.946000000000001,,6.0,1.0,99.1,0.953,57.43,137.33
29454,CN1CCC[C@H]1c1c[nH]c2c1cccc2C,5.284,-5.246,0.038,2.79,4.572,0.0005,4.66,0.0912,4.708,0.001,4.84,,1.0,1.0,19.03,3.181,72.16,127.16
33813,CC[N]C1=N[C](N/C(=N/C(C)C)/N1)C,5.581,-6.15,-0.569,2.98,4.887,0.0066,4.953,0.0853,5.127000000000001,0.0876,5.399,,5.0,2.0,62.73,1.578,57.83,122.79
5778,CSc1ncnc2c1nc[nH]2,4.92,-6.068,-1.148,4.5,4.456,0.2775,4.478,0.0019,4.918,0.0107,5.287999999999999,,4.0,1.0,79.76,1.075,43.4,155.26
23361,OC(=O)c1c(C)ccc(c1O)C(C)(C)C,4.582,-5.946000000000001,-1.3630000000000002,2.03,3.943,0.1075,5.05,0.1559,5.104,0.0003,5.457000000000001,,3.0,2.0,57.53,2.696,59.66,150.25
12662,Cc1cc(C)oc(=O)c1,4.727,-6.131,-1.4040000000000001,5.05,4.322,0.1535,4.649,0.0,5.5120000000000005,0.0011,5.832000000000001,,2.0,0.0,30.21,1.2570000000000001,34.91,46.66
35075,C=CC/N=c/1\[nH]/c(=N\CC=C)/[nH]c(=N)[nH]1,5.954,-6.106,-0.152,3.09,5.138,0.0372,5.315,0.0761,5.502000000000001,0.0498,5.564,,6.0,3.0,88.75,1.3769999999999998,61.12,126.25
1384,COc1cc2c(CO)[nH]ccc2cc1=O,3.57,-4.898,-1.328,7.09,3.262,0.0023,3.302,0.1571,3.687,0.0042,3.844,,3.0,2.0,62.32,1.0290000000000001,57.19,159.93
21476,C=Cc1cc(C)cc(c1)C,5.162000000000001,-5.88,-0.718,0.56,4.592,0.0224,4.758,0.3154,5.577000000000001,0.2568,5.65,,0.0,0.0,0.0,2.946,46.47,6.13
22573,OC(=O)c1cc(cc(c1O)N)S(O)([O])[O],4.261,-6.1739999999999995,-1.913,3.35,3.714,0.0669,4.581,0.04,5.005,0.0006,5.114,,7.0,4.0,146.3,1.581,49.69,272.27
30657,COc1c(OC)ccc2c1CC[C@H](C2)N,5.739,-5.516,0.223,2.02,4.84,0.0279,5.169,0.0217,5.278,0.0128,5.455,,3.0,1.0,44.48,2.22,59.57,99.71
35753,CCN1C(=O)C=C(C1=O)C,4.863,-7.2170000000000005,-2.354,1.55,3.5439999999999996,0.0,3.946,0.0011,4.221,0.0001,5.541,,3.0,0.0,37.38,0.259,40.39,53.98
5465,CC(=O)Oc1cc(C(C)C)c(cc1C)O,5.777,-5.761,0.016,1.73,4.87,0.066,5.003,0.0006,5.13,0.0126,5.531000000000001,,3.0,1.0,46.53,2.7489999999999997,59.51,78.47
17804,C/N=c/1\[nH]/c(=N/C)/[nH]/c(=N/C)/[nH]1,6.329,-5.957000000000001,0.373,0.01,5.324,0.0028,5.722,0.0547,5.723,0.0058,5.725,,6.0,3.0,74.76,0.21600000000000003,47.74,155.5
16620,Cc1[nH]c(c(c1)C)C,6.1770000000000005,-4.871,1.306,1.78,4.319,0.0005,4.848,0.0021,5.065,0.0004,5.414,,0.0,1.0,15.79,1.94,35.69,64.1
39496,COc1c(OC)cc2c(c1O)C[C@H](N)CCC2,5.774,-5.407,0.36700000000000005,2.32,4.724,0.0007,4.81,0.0311,5.018,0.0019,5.1610000000000005,,4.0,2.0,64.71,2.316,66.4,140.02
39871,COc1cc(CC(=O)O)cc(c1)C(C)C,5.763,-6.275,-0.512,6.36,4.867,0.0451,5.415,0.0055,5.542000000000001,0.0124,5.5489999999999995,,3.0,1.0,46.53,2.4459999999999997,59.06,93.27
33815,CC[N]C1=N[C](C)N/C(=N\[C@@H](CC)C)/N1,5.1160000000000005,-5.845,-0.7290000000000001,4.6,4.418,0.0315,4.65,0.0029,4.899,0.0871,4.992,,5.0,2.0,62.73,1.9680000000000002,62.63,122.13
26808,Cc1cnc(c(n1)C)C,5.317,-6.414,-1.097,0.5,3.9810000000000003,0.0054,4.888999999999999,0.0001,4.9110000000000005,0.1524,5.43,,2.0,0.0,25.78,1.402,36.93,47.84
13621,CCc1cccc(c1C)C,6.4110000000000005,-6.1770000000000005,0.23399999999999999,0.57,5.162999999999999,0.0001,5.702999999999999,0.016,5.824,0.0119,5.893,,0.0,0.0,0.0,2.866,46.15,16.16
29644,CC(c1oc(c(n1)C)C)C,6.346,-5.886,0.46,1.48,5.37,0.0017,5.75,0.2193,5.847,0.0012,6.164,,2.0,0.0,26.03,2.415,41.02,30.24
22892,Cc1cc(N(=O)=O)c(c(c1)N(=O)=O)N,3.576,-6.604,-3.029,2.39,2.997,0.1686,3.668,0.0,3.714,0.0008,3.801,,1.0,1.0,117.66,3.0210000000000004,53.46,136.91
34251,COc1ccc2c(c1)c(CCN(C)C)cs2,4.857,-5.442,-0.585,1.72,4.217,0.0699,4.484,0.0043,4.697,0.0105,4.819,,3.0,0.0,40.71,3.014,70.6,58.47
29995,CCC1=C(C)C(=NC1=O)O,4.512,-6.904,-2.392,6.71,3.1180000000000003,0.0001,3.571,0.0093,4.191,0.0003,5.635,,3.0,1.0,46.17,0.698,40.29,81.94
30246,CC[N]C1=N[C](N/C(=N/C(C)C)/N1)C#N,4.604,-6.819,-2.215,5.52,3.966,0.0037,4.055,0.0327,4.2,0.1853,4.681,,6.0,2.0,86.52,1.141,57.57,156.69
23583,CCc1cc(cc(c1O)CC)C(=O)O,5.23,-6.1579999999999995,-0.9279999999999999,2.25,4.729,0.0147,4.864,0.2358,5.006,0.0001,5.313,,3.0,2.0,57.53,2.215,54.97,143.97
16506,CC(=O)c1c(C)cccc1C,5.385,-6.5089999999999995,-1.124,2.49,3.9010000000000002,0.003,4.513,0.0275,4.843999999999999,0.1017,5.626,,1.0,0.0,17.07,2.506,46.57,47.89
7947,Cc1cc(C)cc(c1)C,6.31,-6.15,0.161,0.08,5.1,0.0039,5.635,0.0171,5.871,0.0,5.942,,0.0,0.0,0.0,2.612,41.34,16.83
33837,CC[N]C1=N[C](N/C(=N/C(C)C)/N1)CC,5.317,-5.973,-0.6559999999999999,2.85,4.648,0.0456,4.77,0.015,4.827,0.1271,5.403,,5.0,2.0,62.73,1.8319999999999999,62.63,122.13
1052,NCc1c(CO)cnc(c1O)C,5.551,-6.199,-0.648,4.79,4.685,0.0063,4.852,0.0991,5.294,0.0043,5.335,,4.0,3.0,79.37,0.747,45.03,146.18
37476,Cc1cc(C)c2c(c1)CC[C@H]2C,6.104,-5.928999999999999,0.174,0.23,5.0089999999999995,0.019,5.466,0.0277,5.638999999999999,0.0092,5.789,,0.0,0.0,0.0,3.353,53.81,42.92
7426,Cc1cc(cc(c1)C)N(=O)=O,4.754,-7.029,-2.275,4.98,3.7430000000000003,0.0,3.866,0.0156,4.268,0.0003,4.4910000000000005,,0.0,0.0,45.82,2.735,45.2,51.79
28812,CCc1cc(C)c(cc1C)C,6.131,-5.877999999999999,0.253,0.07,5.066,0.0055,5.484,0.045,5.6370000000000005,0.0215,5.8229999999999995,,0.0,0.0,0.0,3.174,51.11,21.0
18963,Cc1cc(N(=O)=O)c(cc1N)C,4.2780000000000005,-6.093,-1.815,6.95,3.7319999999999998,0.0,3.8939999999999997,0.309,4.2,0.0176,4.353,,1.0,1.0,71.84,2.898,49.6,101.95
33821,C[C]1N/C(=N\CC=C)/NC(=N1)[N]CC,5.075,-5.88,-0.805,4.68,4.378,0.0311,4.62,0.0028,4.908,0.1057,4.968999999999999,,5.0,2.0,62.73,1.3559999999999999,57.35,102.19
37203,COc1cc2[nH]c(nc2cc1OC)/N=C(/O)\C,4.335,-5.08,-0.746,3.15,4.004,0.5229,4.4319999999999995,0.0976,4.4510000000000005,0.0008,4.917,,5.0,2.0,76.24,1.611,63.39,178.93
31645,CN(C(=O)Oc1nc(nc(c1C)C)N(C)C)C,5.004,-5.353,-0.348,2.5,4.218,0.0609,4.72,0.0031,5.003,0.018000000000000002,5.222,,6.0,0.0,58.56,1.22,65.76,92.49
32158,COc1cccc(c1O)C(=O)OCCN(C)C,4.623,-5.919,-1.295,2.64,4.008,0.084,4.053,0.002,4.908,0.1235,5.1,,5.0,1.0,59.0,1.119,63.55,76.99
21181,CN[C@H](Cc1c[nH]c2c1cc(SC)cc2)C,5.012,-5.325,-0.313,3.55,4.342,0.0406,4.452,0.0148,4.66,0.0011,4.6930000000000005,,2.0,2.0,53.12,3.431,72.21,138.77
27541,COc1ccc2c(c1)c1CCNCCc1[nH]2,5.1160000000000005,-5.083,0.033,2.36,4.433,0.0424,4.526,0.0105,4.602,0.1537,4.638999999999999,,2.0,2.0,37.05,2.193,68.94,159.14
25792,CCOC(=O)Cn1cc(nc1C)N(=O)=O,5.007,-6.776,-1.7690000000000001,9.95,3.8160000000000003,0.0,4.313,0.1589,4.345,0.0003,5.0089999999999995,,4.0,0.0,89.94,1.186,52.98,76.07
23584,C=CCOc1c(CC)cc(cc1CC)C(=O)O,5.4910000000000005,-6.602,-1.11,2.43,4.631,0.018000000000000002,4.9430000000000005,0.0005,5.043,0.2777,5.218999999999999,,3.0,1.0,46.53,3.074,68.58,87.18
30537,Cc1cc(C)c(c(c1)C)NC1=NCCO1,5.803999999999999,-5.657,0.147,1.51,4.915,0.0134,5.105,0.0839,5.215,0.061,5.565,,3.0,1.0,33.62,1.919,66.24,82.55
33814,CCCC/N=C/1\N[C](C)N=C(N1)[N]CC,5.018,-5.821000000000001,-0.8029999999999999,4.87,4.316,0.0283,4.657,0.0008,4.838,0.0777,4.9430000000000005,,5.0,2.0,62.73,1.97,62.63,122.13
9432,CNc1cccc2c1cc1CCCCc1n2,4.34,-5.459,-1.1179999999999999,2.46,3.725,0.0627,4.223,0.005,4.255,0.0065,4.898,,2.0,1.0,24.92,3.228,68.48,129.64
33942,OCCc1c(C)cccc1C,6.261,-6.346,-0.084,1.49,5.125,0.0018,5.609,0.0397,5.858,0.0124,5.893,,1.0,1.0,20.23,1.838,47.31,34.78
37580,CCc1cc(C)nc(c1)C,6.223,-6.438,-0.215,1.98,5.053,0.0042,5.088,0.0,5.25,0.0377,5.806,,1.0,0.0,12.89,2.261,43.94,31.67
15100,Cc1ccc(c(n1)C)C,6.0489999999999995,-6.329,-0.28,1.65,4.896,0.0042,5.18,0.0795,5.234,0.0,5.917000000000001,,1.0,0.0,12.89,2.0069999999999997,39.13,32.33
27547,Cc1cccc2c1[nH]c1c2CCNCC1,5.148,-5.078,0.071,2.92,4.418,0.0027,4.5569999999999995,0.1088,4.744,0.0227,4.827,,1.0,2.0,27.82,2.4930000000000003,67.41,157.87
38208,CC(=CC(=O)C1=C(CC[C@H]1C)c1cocc1)C,4.095,-5.712000000000001,-1.6159999999999999,2.57,3.278,0.008,3.633,0.2281,4.169,0.0928,4.776,,2.0,0.0,30.21,3.998,69.67,73.2
11782,OC(=O)c1cccc(c1C)C,5.769,-6.822,-1.053,4.57,4.817,0.0247,4.9,0.0152,5.471,0.0527,5.935,,2.0,1.0,37.3,2.002,43.33,104.32
10225,Cc1ccc2c(c1)c(ccc2C)C(C)C,4.683,-5.478,-0.795,0.28,4.17,0.0944,4.332,0.0166,5.154,0.003,5.395,,0.0,0.0,0.0,4.58,68.46,60.84
31405,CC(c1cccc(c1O)C(C)(C)C)(C)C,5.943,-5.7010000000000005,0.242,1.93,5.005,0.0495,5.227,0.0,5.619,0.003,5.63,,1.0,1.0,20.23,3.987,67.0,62.87
33381,CC[C@H]([N]C1=N[C](N/C(=N/[C@H](CC)C)/N1)C)C,5.562,-6.112,-0.55,2.69,4.8260000000000005,0.0045,4.947,0.1068,5.066,0.0912,5.361000000000001,,5.0,2.0,62.73,2.747,72.25,120.8
7332,CCC(=O)C(=O)Nc1ccc(cc1C)C,3.9210000000000003,-5.845,-1.9240000000000002,1.27,3.225,0.0,3.431,0.2155,4.037,0.0077,4.957,,3.0,1.0,46.17,2.294,60.5,88.34
25090,Cc1ccc2c(c1)cc(c(=O)o2)C(=O)O,4.128,-6.574,-2.4459999999999997,7.04,3.577,0.1134,3.72,0.0001,4.266,0.3101,4.504,,4.0,1.0,67.51,1.8,54.41,179.49
21343,O=N(=O)c1cc(N(=O)=O)c(cc1C)N,4.098,-6.795,-2.697,6.9,3.4189999999999996,0.0747,3.7230000000000003,0.001,3.83,0.0,4.048,,1.0,1.0,117.66,3.0210000000000004,53.46,136.91
31579,CNCCc1csc2c1cc(C)cc2,5.1080000000000005,-5.66,-0.552,1.14,4.456,0.0605,4.6610000000000005,0.0051,4.829,0.0012,4.962,,2.0,1.0,40.27,3.362,64.17,82.41
22375,OC(=O)Cn1c(=O)n(C)c2c(c1=O)n(C)cn2,5.222,-6.558,-1.3359999999999999,8.02,4.718999999999999,0.1246,4.981,0.0001,5.043,0.0405,5.4270000000000005,,8.0,1.0,99.12,-1.482,58.62,220.04
39892,CCc1cccc(c1/N=C/N(C)C)CC,5.785,-5.3629999999999995,0.42200000000000004,3.55,4.6819999999999995,0.0684,4.7589999999999995,0.0218,4.9719999999999995,0.0111,5.225,,2.0,0.0,15.6,3.033,67.71,38.21
40221,N[C@@H]1CCCc2c([C@@H]1O)cc(O)c(c2)O,5.671,-5.331,0.34,3.63,4.675,0.013000000000000001,4.746,0.0593,4.967,0.0009,4.978,,4.0,4.0,86.71,1.495,56.6,187.39
40091,COc1cc2CCN([C@H](c2cc1O)C)C,5.627000000000001,-5.494,0.133,1.89,4.574,0.0131,4.753,0.0461,4.821000000000001,0.0149,4.88,,3.0,1.0,32.7,1.8880000000000001,64.01,82.3
40093,COc1cc2CCN([C@H](c2cc1O)C)C,5.638,-5.507999999999999,0.131,2.59,4.6610000000000005,0.0053,4.762,0.0623,4.854,0.0053,4.995,,3.0,1.0,32.7,1.8880000000000001,64.01,82.3
36644,C[C@H](c1ccc(c(c1)C)C)O,6.252999999999999,-6.037999999999999,0.215,1.22,5.166,0.0006,5.541,0.0217,5.7010000000000005,0.0511,5.875,,1.0,1.0,20.23,2.3569999999999998,47.31,34.78
12551,CCn1c(=O)n(CC=C)c(cc1=O)N,5.5889999999999995,-5.962000000000001,-0.373,5.62,4.715,0.0031,5.044,0.0284,5.085,0.0715,5.182,,5.0,1.0,70.02,0.379,55.84,107.1
27543,COc1ccc2c(c1)c1CCNCCc1n2C,4.996,-4.914,0.08199999999999999,2.59,4.287,0.0507,4.452,0.0617,4.516,0.1041,4.65,,3.0,1.0,26.19,2.204,73.84,115.03
34552,Cc1ccc(cc1)[N][N]c1c(C)cc(cc1C)C,3.69,-5.622000000000001,-1.932,0.31,2.508,0.0171,3.522,0.8391,3.728,0.0262,4.146,,2.0,0.0,24.72,5.336,76.92,80.17
32970,C[C@@H]1CCCc2c1c(C)ccc2,6.348,-6.147,0.201,0.56,5.105,0.0014,5.64,0.0015,5.749,0.0083,5.768,,0.0,0.0,0.0,3.435,53.65,37.41
16616,C/C(=N\c1c(C)cccc1C)/O,5.897,-5.581,0.316,3.79,4.724,0.0028,4.758,0.015,4.994,0.0139,5.416,,2.0,1.0,29.1,2.335,50.69,68.27
15750,O=N(=O)c1ccc(c(c1C)N(=O)=O)O,4.729,-7.3229999999999995,-2.593,4.61,3.58,0.0001,3.717,0.0164,4.22,0.0489,4.246,,1.0,1.0,111.87,2.563,51.08,127.72
7951,Cc1cc(N)cc(c1)N,5.595,-4.974,0.62,2.49,4.436,0.0034,4.59,0.0306,4.728,0.0056,4.946000000000001,,2.0,2.0,52.04,2.322,40.22,107.47
39149,CCc1c(CC)cccc1CC,6.343,-6.1579999999999995,0.185,0.42,5.104,0.001,5.617000000000001,0.0058,5.779,0.0162,5.848,,0.0,0.0,0.0,3.3739999999999997,55.76,14.84
13909,CCOC(=O)Cn1c(C)ncc1N(=O)=O,4.612,-6.939,-2.327,5.21,3.8310000000000004,0.0019,4.181,0.2234,4.247,0.0012,4.718,,4.0,0.0,89.94,1.186,52.98,76.07
16870,CN(C1=CC(=O)c2c(C1=O)cccc2)C,3.263,-5.973,-2.71,2.37,2.6510000000000002,0.0409,2.795,0.0014,3.1830000000000003,0.0044,3.7239999999999998,,3.0,0.0,37.38,1.511,56.75,111.21
7949,Cc1cc(C)cc(c1)N,5.537999999999999,-5.276,0.261,1.52,4.598,0.0476,4.692,0.0026,5.369,0.0198,5.428,,1.0,1.0,26.02,2.467,40.78,62.15
20945,O=N(=O)c1cc(C)[n+](c(c1)C)[O-],3.755,-6.542000000000001,-2.786,2.22,3.446,0.0,3.665,0.2802,3.7089999999999996,0.0,4.1,,1.0,0.0,71.28,2.1630000000000003,46.36,67.29
20525,COc1cc(C=O)c(cc1OC)OC,4.58,-5.818,-1.238,6.99,3.659,0.0003,4.041,0.156,4.834,0.1894,5.144,,4.0,0.0,44.76,1.525,51.31,55.41
23510,COc1cc2c(cc1OC)[nH]ccc2=N,4.348,-4.985,-0.637,3.02,3.853,0.1518,4.197,0.0006,4.279,0.0412,4.716,,4.0,1.0,57.37,2.415,59.13,125.53
27457,CCc1nccnc1C,5.45,-6.539,-1.088,0.79,4.072,0.0053,4.718,0.0,5.132000000000001,0.1369,5.572,,2.0,0.0,25.78,1.347,36.77,42.34
370,OC(=O)c1cc(O)c(c(c1)O)O,4.936,-6.079,-1.143,4.27,4.526,0.0238,4.577,0.1661,4.801,0.0018,4.908,,5.0,4.0,97.99,0.502,39.47,217.57
21807,CC[C]1NC(=NC(=N1)CC)[NH],4.9910000000000005,-6.204,-1.214,5.44,4.175,0.0328,4.204,0.0028,5.059,0.0003,5.096,,4.0,1.0,64.69,1.16,43.78,107.34
14296,Cc1nc(C)c(nc1C)C,5.297999999999999,-6.297000000000001,-0.9990000000000001,0.02,3.987,0.0054,4.791,0.171,4.962,0.0,5.314,,2.0,0.0,25.78,1.71,41.9,52.68
10263,Cc1c(C)ccc(c1C)C,6.2589999999999995,-5.973,0.28600000000000003,0.55,5.093999999999999,0.0023,5.656000000000001,0.0,5.706,0.0023,5.787999999999999,,0.0,0.0,0.0,2.92,46.31,21.67
35231,CC/N=C/1\N[C](C)N=C(N1)[NH],5.347,-6.112,-0.765,5.38,4.62,0.0084,5.078,0.0718,5.207999999999999,0.0469,5.327000000000001,,5.0,2.0,76.72,0.848,43.31,138.72
28943,CCN[C]1[CH][CH][C]([CH][CH]C1=O)/N=C(/O)\C,3.263,-4.906000000000001,-1.6440000000000001,3.29,2.381,0.0054,2.853,0.0298,3.39,0.0059,3.733,,4.0,2.0,58.2,1.5830000000000002,61.14,128.93
30271,COc1ccc(c(c1)OCCN(C)C)C(=O)C,4.968999999999999,-5.9239999999999995,-0.955,4.86,3.88,0.0001,4.3069999999999995,0.0773,4.586,0.0878,4.803999999999999,,4.0,0.0,38.77,1.838,66.94,51.07
1050,O=Cc1c(CO)cnc(c1O)C,4.484,-6.457000000000001,-1.973,2.05,3.3819999999999997,0.0,3.839,0.0935,4.052,0.002,4.665,,4.0,2.0,70.42,0.4,42.74,121.86
10698,Cc1cc(C)c(c(c1)C)O,5.8260000000000005,-5.524,0.302,1.38,4.873,0.0025,4.9110000000000005,0.0412,5.492999999999999,0.0001,5.563,,1.0,1.0,20.23,2.3169999999999997,43.36,57.8
35694,NNCCc1c(C)cccc1C,5.434,-5.336,0.098,0.55,4.705,0.0019,4.985,0.0019,5.1,0.0001,5.16,,2.0,2.0,38.05,2.4,51.66,97.59
6929,OCc1cc(c(c(c1)C(C)(C)C)O)C(C)(C)C,5.812,-5.709,0.10300000000000001,3.25,4.882,0.0427,5.15,0.0066,5.375,0.0726,5.571000000000001,,2.0,2.0,40.46,3.4789999999999996,73.13,86.33
17737,Cc1cc(C)c(c(c1)O)O,5.627000000000001,-5.3420000000000005,0.28600000000000003,1.48,4.684,0.0011,4.7989999999999995,0.0543,4.974,0.0005,5.406000000000001,,2.0,2.0,40.46,1.715,40.42,93.94
27561,COc1cccc2c1c1CCNCCc1n2C,4.968999999999999,-4.68,0.28800000000000003,1.42,4.258,0.0457,4.407,0.1313,4.5969999999999995,0.0129,4.64,,3.0,1.0,26.19,2.204,73.84,115.03
26727,C[C@H](Cc1ccc(c(c1)C)C)N,6.261,-6.0329999999999995,0.22899999999999998,1.21,5.132000000000001,0.0046,5.6160000000000005,0.0328,5.672000000000001,0.0316,5.747000000000001,,1.0,1.0,26.02,2.8930000000000002,53.66,69.75
34882,OC(=O)[C@@H](CCc1cc(C)ccc1C)C,6.199,-6.2860000000000005,-0.087,4.11,5.044,0.0102,5.379,0.0058,5.6339999999999995,0.0022,5.654,,2.0,1.0,37.3,2.957,62.34,91.33
16304,Cc1ccc(c(c1)/N=C(/O)\C)C,5.565,-5.553999999999999,0.011000000000000001,3.66,4.707,0.1096,4.782,0.0026,4.841,0.0134,5.449,,2.0,1.0,29.1,2.335,50.69,68.27
33806,Cc1cc2c(cc1C)oc(c2C)N(=O)=O,4.071000000000001,-6.474,-2.403,6.4,3.612,0.0497,3.73,0.0,3.793,0.4382,4.249,,1.0,0.0,58.96,3.7889999999999997,59.93,101.2
1054,OCc1c(CO)cnc(c1O)C,5.486000000000001,-6.2589999999999995,-0.773,4.45,4.667,0.0046,4.775,0.1038,5.369,0.0035,5.388,,4.0,3.0,73.58,0.08,43.48,110.55
17004,Cc1ccc(c(c1)C(C)(C)C)O,5.8229999999999995,-5.665,0.158,1.3,4.897,0.0531,4.973,0.0001,5.525,0.0005,5.579,,1.0,1.0,20.23,2.998,52.7,57.92
8389,Oc1ccc(c(c1)N(C)C)C,5.5920000000000005,-5.309,0.28300000000000003,0.67,4.655,0.057999999999999996,4.81,0.0046,4.939,0.0631,5.152,,2.0,1.0,23.47,1.767,47.64,58.48
33941,Cc1c(CCO)cccc1C,6.313,-6.362,-0.049,2.16,5.131,0.0003,5.662999999999999,0.0172,5.882000000000001,0.0172,5.976,,1.0,1.0,20.23,1.838,47.31,34.78
19753,Cc1ccc2c(c1C)c(C)ccc2,4.61,-5.396,-0.7859999999999999,0.75,4.151,0.0794,4.311,0.0089,5.119,0.0013,5.284,,0.0,0.0,0.0,3.765,58.85,62.17
33808,CC/N=C\1/NC(=N[C](N1)C)[N]C,5.119,-5.8260000000000005,-0.708,4.77,4.423,0.0263,4.686,0.003,4.905,0.0532,5.0,,5.0,2.0,62.73,0.799,48.21,124.12
16302,CCc1cc(CC)cc(c1)C,6.365,-6.182,0.182,0.07,5.104,0.0011,5.611000000000001,0.0151,5.807,0.0424,5.871,,0.0,0.0,0.0,3.12,50.95,15.5
10383,COc1cc(OC)cc(c1)O,6.28,-5.646,0.634,0.5,5.065,0.0002,5.107,0.0003,5.274,0.001,5.596,,3.0,1.0,38.69,1.409,41.45,55.51
2775,COc1cc(OC)c2c(c1)oc(=O)cc2,4.441,-5.877999999999999,-1.4369999999999998,6.05,4.023,0.2699,4.172,0.0845,4.602,0.0,5.105,,4.0,0.0,48.67,1.81,55.47,94.54
25074,O/C=N/c1ccc(cc1C)O/C(=N\C)/O,5.374,-5.88,-0.506,1.6,4.676,0.2385,4.843,0.0353,5.438,0.0619,5.511,,5.0,2.0,67.43,2.381,55.99,128.45
16678,Cc1cccc(c1O)C(C)(C)C,5.984,-5.75,0.23399999999999999,1.71,5.033,0.042,5.065,0.0017,5.638,0.0022,5.689,,1.0,1.0,20.23,2.998,52.7,57.92
8718,CC1=CC(=O)C(=CC1=O)C,3.8689999999999998,-7.11,-3.241,0.01,2.559,0.0,2.8160000000000003,0.0,3.4130000000000003,0.0,4.703,,2.0,0.0,34.14,1.031,37.91,63.89
37221,COc1c(nc(n1C)C)N(=O)=O,4.67,-6.359,-1.69,7.75,3.8139999999999996,0.0088,4.098,0.1341,4.442,0.0005,4.955,,3.0,0.0,72.87,1.169,43.77,71.73
10335,Cc1cc(O)c(cc1C)C,5.84,-5.519,0.321,1.39,4.872,0.0004,4.8919999999999995,0.0479,5.415,0.0016,5.604,,1.0,1.0,20.23,2.3169999999999997,43.36,57.8
3515,CC(c1ccc(c2c(c1)c(C)cc2)C)C,3.197,-4.838,-1.641,1.13,2.275,0.0126,3.4730000000000003,0.0242,4.468999999999999,0.1669,4.494,,0.0,0.0,0.0,4.532,67.58,53.01
20734,Cc1cc2c(cc1C)Cc1c2cccc1,4.939,-5.537999999999999,-0.599,0.76,4.398,0.1993,4.578,0.2986,4.791,0.0171,5.337999999999999,,0.0,0.0,0.0,3.875,64.82,83.19
8455,CCC(c1ccc(c(c1)C(CC)(C)C)O)(C)C,5.785,-5.667999999999999,0.11699999999999999,1.37,4.91,0.0363,4.956,0.0069,5.403,0.0019,5.553999999999999,,1.0,1.0,20.23,4.7669999999999995,76.62,61.54
2600,OCCNC1=C/C(=N\C)/C(=O)c2c1ccnc2,3.358,-5.8420000000000005,-2.484,9.57,2.7110000000000003,0.0007,2.9139999999999997,0.0791,3.069,0.0064,3.8310000000000004,,5.0,2.0,74.58,0.662,64.48,155.0
6991,Cc1ccc(c(c1)C)N(=O)=O,4.966,-7.181,-2.215,4.95,3.7110000000000003,0.0036,4.12,0.0278,4.289,0.0049,4.485,,0.0,0.0,45.82,2.735,45.2,51.79
6913,Cc1cc(C)c(c(c1)C)N,5.562,-5.0889999999999995,0.473,1.58,4.468999999999999,0.0102,4.69,0.0523,5.122000000000001,0.0003,5.1610000000000005,,1.0,1.0,26.02,2.775,45.74,66.99
13021,C[C]1NC(=NC(=C1)C)[NH],4.3839999999999995,-5.48,-1.097,6.21,3.688,0.0491,4.295,0.0019,4.4910000000000005,0.0017,4.873,,3.0,1.0,51.8,1.2570000000000001,36.37,93.16
38752,COc1ccc2c(c1)c(C)c([nH]2)CCN(C)C,4.898,-4.931,-0.033,2.19,4.274,0.0544,4.44,0.0038,4.56,0.159,4.751,,2.0,1.0,28.26,2.589,72.04,111.36
22769,CCOC(=O)c1c(C)[nH]c(c1C)C(=O)C,4.993,-6.055,-1.061,2.11,4.163,0.0003,4.622,0.3422,4.9510000000000005,0.0549,5.218999999999999,,3.0,1.0,59.16,2.011,57.01,121.45
24278,CC1=C(C)[C@@]2([C@@]1(C)C(=C2C)C)C,6.0489999999999995,-5.537999999999999,0.512,0.28,5.046,0.0003,5.131,0.0,5.4510000000000005,0.0003,5.46,,0.0,0.0,0.0,3.699,54.1,85.24
14105,Cc1cc2CCCCc2cc1C,6.166,-5.856,0.31,0.02,4.988,0.0171,5.457999999999999,0.0157,5.647,0.001,5.751,,0.0,0.0,0.0,3.182,53.81,42.92
33044,CCc1ccc(c(c1)CC)C,6.247999999999999,-6.0520000000000005,0.196,0.3,5.1080000000000005,0.0038,5.599,0.0614,5.654,0.0261,5.944,,0.0,0.0,0.0,3.12,50.95,15.5
22637,CCN(c1cc(O)c(cc1C)N=O)CC,3.2,-5.119,-1.9180000000000001,7.22,1.5319999999999998,0.0003,3.568,0.2301,3.784,0.1145,4.12,,4.0,1.0,52.9,2.945,62.71,85.24
32786,COC(=O)c1cc(C)cc(c1)C,5.47,-6.49,-1.02,2.01,4.62,0.0232,4.91,0.0001,5.249,0.1723,6.095,,2.0,0.0,26.3,2.09,47.65,38.94
14318,Cc1ccc2c(c1)NC(=O)C2=O,3.9160000000000004,-6.457000000000001,-2.542,6.57,2.707,0.0,3.097,0.0229,4.235,0.1195,4.381,,3.0,1.0,46.17,1.268,47.12,123.24
11958,COC1=CC(=O)C(=CC1=O)C,3.529,-6.716,-3.1860000000000004,1.85,2.6189999999999998,0.0,2.8089999999999997,0.0196,2.84,0.0006,4.401,,3.0,0.0,43.37,0.615,38.99,54.94
30750,O=N(=O)c1nc(n(c1N)C)C,4.416,-5.9270000000000005,-1.51,8.65,3.8989999999999996,0.081,4.015,0.1047,4.548,0.0057,4.761,,3.0,1.0,89.66,1.3230000000000002,41.68,115.78
30584,Cc1ccc2c(c1)c(C)c([nH]2)C,5.119,-5.072,0.046,2.18,4.478,0.0756,4.513999999999999,0.0004,4.6610000000000005,0.0425,4.9430000000000005,,0.0,1.0,15.79,3.093,53.2,109.44
22013,O=Cc1cc(C)c(cc1C)C,5.04,-6.5120000000000005,-1.472,3.82,3.6830000000000003,0.0001,4.387,0.049,4.961,0.2477,5.624,,1.0,0.0,17.07,2.424,46.73,51.6
12649,O=C1[CH][CH]C(=C[CH][C]1O)C(C)C,3.5210000000000004,-5.537999999999999,-2.016,4.22,2.668,0.0033,3.049,0.0059,3.79,0.0031,4.046,,2.0,1.0,37.3,1.876,49.31,82.24
10697,Oc1cc(C)c(c(c1)O)C,5.85,-5.494,0.35600000000000004,1.03,4.873,0.0021,4.9110000000000005,0.0369,5.027,0.0003,5.417000000000001,,2.0,2.0,40.46,1.715,40.42,93.94
32761,C/N=C(\Oc1cc(ccc1C)N(C)C)/O,5.282,-5.093999999999999,0.188,2.71,4.404,0.0571,4.533,0.0299,4.915,0.008,5.072,,4.0,1.0,41.57,2.17,60.3,81.85
27999,C/N=C(\Oc1cccc2c1OC(C2=O)(C)C)/O,4.621,-6.327000000000001,-1.706,1.06,3.694,0.0006,3.9530000000000003,0.0893,4.5,0.0108,4.88,,5.0,1.0,64.63,2.149,60.55,141.61
13403,CCc1ccc(cc1C)C,6.261,-6.0329999999999995,0.22899999999999998,0.27,5.106,0.0038,5.567,0.0723,5.751,0.0066,5.9879999999999995,,0.0,0.0,0.0,2.866,46.15,16.16
34810,C/N=C(\Oc1cc(CC)cc(c1)CC)/O,6.212000000000001,-6.27,-0.057,1.77,5.099,0.0023,5.577999999999999,0.0465,5.803,0.0082,5.8260000000000005,,3.0,1.0,38.33,2.9210000000000003,60.68,75.01
11897,Cc1ccc(c(c1)C)C(=O)O,5.652,-6.822,-1.17,4.82,4.774,0.0301,4.842,0.0172,5.316,0.1507,5.897,,2.0,1.0,37.3,2.002,43.33,104.32
30924,CC(=O)c1c(C)[nH]c2c1CCC2,5.007,-5.361000000000001,-0.354,4.21,4.105,0.0002,4.36,0.0584,4.585,0.0001,5.169,,1.0,1.0,32.86,2.0140000000000002,48.58,121.92
6034,CCOc1cc(ccc1C(=O)OC)/N=C(/O)\C,4.931,-5.807,-0.8759999999999999,4.67,4.303,0.2012,4.6339999999999995,0.1799,4.69,0.0478,5.008,,5.0,1.0,64.63,1.903,63.33,90.99
15518,Cc1cc(C)c2c(c1)CCC2,6.074,-5.899,0.174,0.34,5.011,0.0252,5.586,0.0149,5.641,0.0032,5.88,,0.0,0.0,0.0,2.792,49.0,43.58
31514,C/N=C(\Oc1cccc2c1O[C@@](O2)(C)CC)/O,5.7170000000000005,-5.63,0.087,1.79,4.846,0.0602,5.189,0.0036,5.327000000000001,0.0147,5.529,,5.0,1.0,56.79,2.693,61.65,111.15
32263,CCOC1=CC(=O)C(=CC1=O)[N][C](O)C,3.3360000000000003,-6.237,-2.9010000000000002,3.11,2.53,0.0037,2.7910000000000004,0.0009,2.91,0.0003,3.7319999999999998,,5.0,1.0,72.47,0.469,51.61,102.18
16488,COc1cc(cc(c1O)C(=O)O)C(=O)O,5.0889999999999995,-6.832999999999999,-1.744,6.78,4.394,0.0458,4.656000000000001,0.0009,4.746,0.0087,4.955,,6.0,3.0,104.06,0.797,48.88,234.06
23571,COC1=C(C)C(=O)CC1=O,4.446000000000001,-6.651,-2.204,2.71,3.136,0.0,3.783,0.0001,4.354,0.256,5.162000000000001,,3.0,0.0,43.37,0.449,34.66,45.81
20832,Cc1ccc(c(c1)C)C(C)C,6.28,-6.063,0.218,0.22,5.11,0.0027,5.666,0.0502,5.695,0.001,5.997000000000001,,0.0,0.0,0.0,3.427,50.95,15.5
10800,O=N(=O)c1cc(C)c(c(c1)N(=O)=O)O,4.748,-7.472,-2.7239999999999998,6.72,3.715,0.0081,3.7739999999999996,0.0,4.031000000000001,0.0273,4.252,,1.0,1.0,111.87,2.563,51.08,127.72
31517,C/N=C(\Oc1ccc(c2c1OC(O2)(C)C)C)/O,5.736000000000001,-5.54,0.196,2.12,4.862,0.0389,5.038,0.0049,5.31,0.0112,5.505,,5.0,1.0,56.79,2.611,61.81,116.65
33110,Cc1cc2occc2cc1C,5.456,-5.736000000000001,-0.28,0.74,4.822,0.0745,5.07,0.1411,5.532,0.0012,5.686,,1.0,0.0,13.14,3.05,46.15,56.56
10628,CCc1c(C)[nH]c(c1C)C,6.267,-4.852,1.415,1.78,4.289,0.0005,4.772,0.0096,4.832,0.0022,5.162000000000001,,0.0,1.0,15.79,2.502,45.46,68.28
7227,Cc1ccc2c(c1)nc(s2)C,5.355,-6.142,-0.7859999999999999,0.53,4.563,0.0227,5.015,0.1059,5.126,0.0001,5.297999999999999,,2.0,0.0,41.13,2.9130000000000003,49.55,72.06
25071,C/N=C(\Oc1ccc(c(c1)C)NC)/O,5.343999999999999,-5.255,0.09,3.58,4.553,0.0488,4.587,0.0042,5.039,0.0116,5.129,,4.0,2.0,50.36,2.219,55.4,107.06
20087,CCc1cc(c(c(c1)C(C)(C)C)O)C(C)(C)C,5.782,-5.532,0.25,1.89,4.888,0.051,5.038,0.0031,5.282,0.05,5.528,,1.0,1.0,20.23,4.55,76.78,67.05
24415,CCNC/C(=N\c1c(C)cccc1C)/O,5.87,-5.431,0.43799999999999994,5.14,4.6419999999999995,0.0022,4.8660000000000005,0.0157,4.968,0.0148,5.285,,3.0,2.0,41.13,2.315,63.1,94.13
10223,CC1=C[C@H]2C(=C(C)CC[C@H]2C(C)C)CC1,6.487,-5.695,0.792,0.43,5.153,0.0025,5.401,0.0078,5.483,0.0061,5.608,,0.0,0.0,0.0,4.725,69.04,42.46
8357,COc1cc(cc(c1OC)OC)C(=O)O,5.124,-6.354,-1.23,4.3,4.44,0.0394,4.718999999999999,0.158,4.766,0.0001,5.428,,5.0,1.0,64.99,1.411,52.88,112.97
33931,CC[C@H]1OC(=C(C1=O)O)C,4.833,-5.7989999999999995,-0.966,4.51,3.9819999999999998,0.0005,4.542,0.1725,4.69,0.005,5.617999999999999,,3.0,1.0,46.53,1.1540000000000001,36.03,35.71
35399,CCOC(=O)c1cocc1C(=O)OCC,5.872000000000001,-6.8,-0.9279999999999999,2.65,5.0360000000000005,0.0101,5.0680000000000005,0.0287,5.242999999999999,0.0467,5.5489999999999995,,5.0,0.0,65.74,1.633,50.88,54.11
12030,O=N(=O)c1cc(N(=O)=O)c(cc1C)O,4.874,-7.557,-2.6830000000000003,6.66,3.698,0.0044,3.736,0.0021,4.105,0.037000000000000005,4.255,,1.0,1.0,111.87,2.563,51.08,127.72
33812,CCC/N=C/1\N[C](C)N=C(N1)[N]CC,5.083,-5.848,-0.765,4.67,4.379,0.0288,4.6339999999999995,0.0028,4.9030000000000005,0.113,4.961,,5.0,2.0,62.73,1.58,57.83,122.79
20108,CC[N]C1=N[CH]N/C(=N/CC)/N1,5.5760000000000005,-6.297000000000001,-0.721,3.0,4.827,0.0001,4.917,0.11199999999999999,5.075,0.0479,5.4239999999999995,,5.0,2.0,62.73,0.8809999999999999,48.05,118.61
29079,CC(=O)Oc1c(C)cc(cc1N(=O)=O)N(=O)=O,4.787,-7.7989999999999995,-3.012,6.06,3.72,0.0084,3.7430000000000003,0.0,3.992,0.0358,4.187,,2.0,0.0,117.94,2.783,60.55,113.58
8717,Cc1cc(N)c(cc1C)C,5.5889999999999995,-5.099,0.49,1.44,4.498,0.0109,4.673,0.0454,5.105,0.0052,5.166,,1.0,1.0,26.02,2.775,45.74,66.99
34556,Cc1ccc(cc1C)[N][N]c1ccc(c(c1)C)C,3.821,-5.761,-1.94,0.62,2.63,0.0,3.475,0.889,3.907,0.0581,3.928,,2.0,0.0,24.72,5.336,76.92,80.17
36192,COc1c(C)c(=O)n(c2c1cccc2)C,4.547,-5.81,-1.263,3.49,4.03,0.1441,4.487,0.0007,4.581,0.0781,5.267,,3.0,0.0,31.23,1.855,60.93,97.21
20725,COc1cc2c(C)nccc2cc1OC,4.8,-5.861000000000001,-1.061,3.84,4.256,0.0555,4.39,0.0171,4.409,0.0013,5.142,,3.0,0.0,31.35,2.56,59.69,80.21
1468,O[C@H]1C=C[C@@H]([C@H]1O)n1cnc2c1[N]C=N[C]2N,5.412000000000001,-5.9239999999999995,-0.512,0.53,4.83,0.1071,4.987,0.0065,5.027,0.0918,5.206,,7.0,3.0,110.08,-0.17800000000000002,59.95,214.44
28905,CCc1nc(C)cnc1CC,5.415,-6.3839999999999995,-0.9690000000000001,0.5,4.066,0.0044,4.756,0.0002,4.9910000000000005,0.163,5.547000000000001,,2.0,0.0,25.78,1.91,46.54,46.51
10302,COc1cc2[C@H](C)NCCc2cc1OC,5.709,-5.507999999999999,0.201,2.15,4.783,0.0651,5.051,0.0115,5.09,0.0041,5.226,,3.0,1.0,30.49,2.239,63.57,72.64
35309,CC[N]C1=NC(=N[C](N1)C)C,4.825,-5.968,-1.143,4.72,4.003,0.0233,4.236000000000001,0.0026,4.58,0.0011,5.023,,4.0,1.0,50.7,0.993,43.87,93.4
28568,CC(c1cc(C)c(c(c1)O)C(=O)O)C,5.44,-6.528,-1.088,6.59,4.64,0.0121,4.66,0.0426,5.282,0.0227,5.322,,3.0,2.0,57.53,2.522,54.97,143.97
1883,O=C1[C@H](N)[C@@H]2N1C(=C(CS2)C)C(=O)O,4.966,-6.513999999999999,-1.548,5.59,3.991,0.0094,4.34,0.0447,4.968,0.0281,5.042,,6.0,2.0,108.93,0.226,54.95,198.3
31522,O=C(N(C)C)Oc1cccc2c1OC(O2)(C)C,5.7010000000000005,-5.44,0.261,3.01,4.8389999999999995,0.069,5.073,0.0033,5.369,0.0124,5.454,,5.0,0.0,48.0,2.254,61.75,86.61
7249,Oc1ccc(c(c1)C)C,5.864,-5.66,0.204,1.13,4.941,0.0361,5.026,0.0004,5.532,0.0013,5.678999999999999,,1.0,1.0,20.23,2.009,38.4,52.97
17680,C/N=C(\Oc1cc(ccc1C)C(C)C)/O,6.278,-6.2989999999999995,-0.022000000000000002,1.31,5.167000000000001,0.0124,5.736000000000001,0.0097,5.797000000000001,0.0317,5.812,,3.0,1.0,38.33,3.228,60.68,75.01
10108,O=C1CC(=CC(C1)(C)C)C,5.981,-6.3870000000000005,-0.405,2.81,4.202,0.0,4.988,0.0012,5.784,0.0086,5.952000000000001,,1.0,0.0,17.07,2.322,42.73,47.31
7081,Nc1cc2nc3cc(N)c(cc3cc2cc1C)C,3.543,-4.898,-1.355,2.23,3.091,0.021,3.417,0.2682,3.92,0.0005,4.2860000000000005,,3.0,2.0,64.93,4.332,77.99,218.49
4099,CCC1(CC)C(=NC(=O)N(C1=O)C)O,5.787999999999999,-7.2379999999999995,-1.45,4.95,4.508,0.0005,4.832,0.0003,5.084,0.0116,5.327999999999999,,5.0,1.0,66.48,0.768,57.52,117.03
19562,Cc1nc(C)c(cc1C)C,5.888999999999999,-6.125,-0.237,1.63,4.83,0.0046,5.034,0.0875,5.252999999999999,0.0,5.76,,1.0,0.0,12.89,2.315,44.1,37.17
3044,O[C@@H]1C[C@H](O[C@@H]1C)n1cnc2c1[N]C=N[C]2N,5.417999999999999,-5.94,-0.522,2.69,4.923,0.223,4.986000000000001,0.0096,5.235,0.0464,5.436,,7.0,2.0,99.08,0.6579999999999999,60.35,177.08
21180,CSc1ccc2c(c1)c(CCN(C)C)c[nH]2,4.865,-5.042,-0.177,2.75,4.105,0.0482,4.359,0.0449,4.4239999999999995,0.0027,4.525,,2.0,1.0,44.33,2.9939999999999998,72.3,114.23
33937,C=Cc1ccc(c(c1)C)C,5.086,-5.777,-0.691,0.84,4.621,0.1903,4.81,0.2502,5.502000000000001,0.0008,5.617999999999999,,0.0,0.0,0.0,2.946,46.47,6.13
7602,CCc1cc(CC)cc(c1)CC,6.425,-6.207000000000001,0.218,0.03,5.106,0.0,5.606,0.0022,5.781000000000001,0.0676,5.834,,0.0,0.0,0.0,3.3739999999999997,55.76,14.84
39595,CCCN(C/C(=N\c1c(C)cccc1C)/O)C,5.861000000000001,-5.404,0.457,5.16,4.675,0.0028,4.904,0.0192,4.937,0.0133,5.292999999999999,,3.0,1.0,32.34,2.657,72.81,68.25
23581,C=CCOc1c(C)cc(cc1C)C(=O)O,5.434,-6.561,-1.127,2.7,4.664,0.0217,4.918,0.0001,4.996,0.3225,5.287000000000001,,3.0,1.0,46.53,2.5660000000000003,58.97,88.5
33660,CCc1cc(CC)cc(c1)O,5.919,-5.782,0.136,1.35,4.94,0.0393,5.093,0.0002,5.534,0.0057,5.688,,1.0,1.0,20.23,2.517,48.01,51.64
27694,COc1cc2CN(C)CCc2cc1OC,5.704,-5.502000000000001,0.201,2.38,4.772,0.0492,5.003,0.0282,5.169,0.0256,5.252000000000001,,3.0,0.0,21.7,1.63,63.67,48.09
20096,O=Cc1cc(OC)c2c(c1OC)oc(c2C)C,4.044,-5.407,-1.3630000000000002,4.94,3.548,0.1364,3.6319999999999997,0.0558,4.356,0.2522,4.916,,4.0,0.0,48.67,2.8789999999999996,64.52,103.55
30804,OC(=N)c1c(C)onc1c1ccc(o1)N(=O)=O,4.253,-7.143,-2.89,4.5,3.6639999999999997,0.0212,3.737,0.0,3.888,0.3665,4.078,,5.0,1.0,128.08,2.474,56.09,190.0
33826,C=CC[N]C1=N[C](C)N/C(=N/C(C)C)/N1,5.581,-6.1770000000000005,-0.596,2.74,4.801,0.0039,4.849,0.0606,5.037,0.0812,5.359,,5.0,2.0,62.73,1.744,62.16,101.53
15132,N=c1sc2c([nH]1)c(C)ccc2,5.263,-5.502000000000001,-0.239,4.24,4.434,0.0006,4.513,0.0864,4.672,0.0002,4.835,,3.0,1.0,67.15,2.7680000000000002,48.99,117.38
27778,CC/N=c/1\[nH]/c(=N/CC)/[nH]/c(=N/CC)/[nH]1,6.319,-5.938,0.381,0.0,5.337999999999999,0.0022,5.695,0.1904,5.695,0.1918,5.707999999999999,,6.0,3.0,74.76,1.386,62.17,153.51
33404,CC[N]C1=N[C](CC)N/C(=N/CC)/N1,5.3389999999999995,-6.006,-0.667,2.79,4.685,0.0482,4.775,0.0035,4.832,0.1337,5.4639999999999995,,5.0,2.0,62.73,1.444,57.83,122.79
12880,C=CCC1(CC=C)C(=O)N(C)C(=O)N(C1=O)C,5.747000000000001,-6.972,-1.225,0.88,4.588,0.0003,4.898,0.0078,5.114,0.0405,5.351,,5.0,0.0,57.69,1.051,71.09,49.3
29574,Nc1cc(N(=O)=O)c(c(c1)N(=O)=O)C,3.875,-6.572,-2.697,4.97,3.1289999999999996,0.0461,3.32,0.0062,3.7119999999999997,0.0082,3.721,,1.0,1.0,117.66,3.0210000000000004,53.46,136.91
30932,Cc1ccc2c(c1)[nH]c(c2C)C,5.059,-5.018,0.040999999999999995,2.26,4.45,0.1037,4.455,0.0034,4.711,0.0293,4.961,,0.0,1.0,15.79,3.093,53.2,109.44
7440,O=N(=O)c1ccc(c(c1)C)C,4.879,-7.132000000000001,-2.253,5.45,3.7510000000000003,0.0,4.077,0.0292,4.2780000000000005,0.0003,4.419,,0.0,0.0,45.82,2.735,45.2,51.79
27538,Oc1nnc(c2c1noc2C)C,4.289,-6.449,-2.161,5.76,3.275,0.0,3.915,0.1286,4.687,0.0052,5.186,,4.0,1.0,71.78,0.528,42.36,170.29
7953,Cc1cc(C)nc(c1)C,6.109,-6.485,-0.376,1.84,4.89,0.0045,5.2,0.0684,5.265,0.0001,5.932,,1.0,0.0,12.89,2.0069999999999997,39.13,32.33
6663,CCc1ccc2c(c1)C(C)(C)CCC2(C)C,6.237,-6.06,0.177,0.21,5.111000000000001,0.0055,5.593,0.0446,5.662999999999999,0.0384,5.858,,0.0,0.0,0.0,4.598,72.64,48.65
15781,CCC(=O)c1ccc(c(c1)OC)OC,4.874,-6.0520000000000005,-1.178,3.62,3.8360000000000003,0.0002,4.418,0.179,4.765,0.1217,5.462999999999999,,3.0,0.0,35.53,2.296,54.43,49.76
12572,O=C(N(C)C)Oc1nn(c(c1)C)C(=O)N(C)C,6.03,-6.291,-0.261,3.65,5.312,0.2731,5.527,0.075,5.599,0.061,5.857,,7.0,0.0,67.67,0.782,61.15,98.0
10625,CC(=CCn1cnc2c1c(N)ncn2)C,5.407,-5.973,-0.5660000000000001,8.5,4.728,0.0355,4.8069999999999995,0.0636,4.995,0.0286,5.1979999999999995,,5.0,1.0,69.62,1.956,59.74,158.05
20595,C[C@H]1CC=Cc2c1c(C)ccc2C,4.974,-5.559,-0.585,0.44,4.501,0.1562,4.5169999999999995,0.0549,5.181,0.0038,5.355,,0.0,0.0,0.0,3.824,58.93,62.61
22765,Cc1ccc(cc1/N=N/c1cc(C)ccc1C)C,3.752,-5.861000000000001,-2.109,0.02,2.438,0.0004,3.352,0.6048,3.5660000000000003,0.0002,3.642,,2.0,0.0,24.72,5.336,76.92,80.17
33370,O/N=C(\C=C\c1ccc(c(c1)C)OC)/O,4.03,-5.452999999999999,-1.423,4.6,3.827,0.6926,4.3580000000000005,0.0272,4.468,0.0216,4.925,,4.0,2.0,58.56,1.913,56.53,139.6
10281,CC(C1=CC(=O)C(=CC1=O)C)C,3.812,-7.061,-3.2489999999999997,0.14,2.5069999999999997,0.0,2.75,0.0,3.389,0.0004,4.638999999999999,,2.0,0.0,34.14,1.6669999999999998,47.52,62.56
7250,Cc1ccc(c(c1)C)N,5.551,-5.172999999999999,0.37799999999999995,1.55,4.556,0.0178,4.665,0.0387,5.1770000000000005,0.0027,5.244,,1.0,1.0,26.02,2.467,40.78,62.15
19918,CC[C]1N=C[N]c2c1cc(OC)c(c2)OC,4.865,-6.267,-1.401,3.34,3.9619999999999997,0.0021,4.27,0.1086,4.382,0.0194,4.854,,4.0,0.0,44.24,2.209,62.3,95.05
30328,C[C@H](CNC/C(=N\c1c(C)cccc1C)/O)O,5.88,-5.399,0.48200000000000004,6.26,4.65,0.002,4.86,0.012,4.9430000000000005,0.0146,5.25,,4.0,3.0,61.36,1.676,69.07,112.08
28567,CC(c1cc(C(=O)O)c(cc1C)O)C,5.303999999999999,-6.395,-1.091,6.83,4.5680000000000005,0.0615,4.739,0.0,5.188,0.0,5.3389999999999995,,3.0,2.0,57.53,2.522,54.97,143.97
28699,C/N=C(\Oc1ccc(c(c1)C)/N=C/N(C)C)/O,5.167000000000001,-5.297999999999999,-0.131,4.94,4.47,0.391,4.673,0.067,4.787,0.0715,5.172999999999999,,5.0,1.0,53.93,2.325,67.82,99.05
23043,COC(=O)c1c(C)ccc(c1O)C(C)C,4.591,-5.818,-1.227,2.41,3.9760000000000004,0.1088,5.04,0.1695,5.157,0.0001,5.457999999999999,,3.0,1.0,46.53,2.611,59.29,78.59
17738,Cc1ccc(c(c1C)O)O,5.627000000000001,-5.343999999999999,0.28300000000000003,1.54,4.7139999999999995,0.0003,4.8260000000000005,0.0493,4.939,0.0001,5.359,,2.0,2.0,40.46,1.715,40.42,93.94
37204,C/C(=N\c1[nH]c2c(n1)cc(c(c2)C)C)/O,4.582,-5.309,-0.727,1.51,4.23,0.5728,4.44,0.0261,4.625,0.0005,5.102,,3.0,2.0,57.78,2.211,60.34,176.39
16479,Cc1ccc2c(c1)c(C)ccc2C,4.683,-5.486000000000001,-0.8029999999999999,0.37,4.163,0.0924,4.324,0.01,5.231,0.0002,5.45,,0.0,0.0,0.0,3.765,58.85,62.17
37033,CN([C@@H]1CCc2c(C1)ccc(c2O)O)C,5.636,-5.3229999999999995,0.313,1.74,4.691,0.0034,4.793,0.0325,4.922,0.0008,5.204,,3.0,2.0,43.7,1.517,60.43,116.5
22662,CCOc1cc2CCNCc2cc1OC,5.704,-5.456,0.248,2.49,4.768,0.0572,5.061,0.024,5.221,0.0141,5.233,,3.0,1.0,30.49,2.068,63.57,72.64
10600,CCc1c(C)c[nH]c1C,6.501,-5.056,1.445,1.75,4.516,0.0034,4.921,0.0105,5.126,0.001,5.255,,0.0,1.0,15.79,2.194,40.5,63.44
33045,CCc1cccc(c1C)CC,6.388999999999999,-6.18,0.21,0.52,5.122000000000001,0.0003,5.624,0.0068,5.769,0.0543,5.861000000000001,,0.0,0.0,0.0,3.12,50.95,15.5
23484,CN(c1nc(C)c(nc1C)C)C,4.852,-5.494,-0.642,0.97,4.07,0.0834,4.448,0.0291,4.796,0.1326,5.073,,3.0,0.0,29.02,1.4680000000000002,51.14,58.19
11335,Cc1cccc(c1O)C,6.002999999999999,-5.7139999999999995,0.28800000000000003,1.49,5.037,0.0032,5.048,0.0352,5.667000000000001,0.0059,5.694,,1.0,1.0,20.23,2.009,38.4,52.97
37892,CN(Cc1ccc2c(c1)c(=O)c(c(o2)C)C)C,4.623,-5.894,-1.271,2.92,3.775,0.0001,3.9139999999999997,0.0082,4.345,0.0714,4.754,,3.0,0.0,33.45,2.471,69.89,98.15
34553,Cc1cc(C)c(c(c1)C)[N][N]c1ccccc1C,3.633,-5.644,-2.011,0.61,2.426,0.0165,3.4960000000000004,0.7425,3.696,0.0183,3.889,,2.0,0.0,24.72,5.336,76.92,80.17
13036,C=Cc1c(C)cc(cc1C)C,6.21,-6.079,0.131,0.09,5.08,0.0006,5.242000000000001,0.002,5.531000000000001,0.0009,5.585,,0.0,0.0,0.0,3.255,51.43,10.97
20176,N#Cc1cc(C)c(c(c1)C)O,5.391,-6.335,-0.9440000000000001,5.72,4.872,0.0051,5.138999999999999,0.2462,5.295,0.0021,6.021,,2.0,1.0,44.02,1.881,43.11,91.71
37794,CCCCOC(=O)c1cc(O)cc(c1)O,4.879,-6.055,-1.176,2.4,4.212,0.0432,4.876,0.1195,4.894,0.0535,5.247000000000001,,4.0,2.0,66.76,2.055,56.19,109.22
30755,C[C@@H]1CCCc2c1c(C)ccc2C,6.267,-5.9479999999999995,0.318,0.51,5.0760000000000005,0.0007,5.495,0.0026,5.642,0.0037,5.667999999999999,,0.0,0.0,0.0,3.7430000000000003,58.61,42.25
34188,CCCCC1(CC)C(=O)N(C)C(=O)N(C1=O)C,5.9479999999999995,-7.064,-1.1159999999999999,0.99,4.609,0.0003,5.175,0.0129,5.519,0.0612,5.752999999999999,,5.0,0.0,57.69,1.499,72.03,90.5
7925,CCOP(=O)(Oc1n[nH]c(c1)C)OCC,6.98,-6.397,0.5820000000000001,3.54,5.734,0.0001,5.92,0.0001,6.23,0.027999999999999997,6.337000000000001,,5.0,1.0,83.25,2.278,55.3,71.58
21059,CCc1occc(=O)c1O,4.944,-6.142,-1.197,3.41,4.371,0.0001,4.581,0.157,5.349,0.0253,5.706,,3.0,1.0,50.44,0.9079999999999999,36.77,82.14
21973,COc1cc(ccc1OC)[C@H](CNC(C)C)O,5.665,-5.32,0.34600000000000003,2.71,4.837,0.0743,4.921,0.0049,5.146,0.0126,5.314,,4.0,2.0,50.72,2.126,67.58,62.51
33706,OCc1cc(C)cc(c1)C,6.319,-6.332000000000001,-0.013999999999999999,1.82,5.07,0.0015,5.598,0.0175,5.96,0.009000000000000001,5.99,,1.0,1.0,20.23,1.796,42.5,35.45
17084,CCN(C(=O)c1c(C)noc1C)CC,6.12,-6.547000000000001,-0.42700000000000005,4.64,5.03,0.0153,5.513,0.0468,5.795,0.0189,5.882999999999999,,4.0,0.0,46.34,1.7730000000000001,53.95,63.27
33702,N#CCc1nc2c([nH]1)cc(cc2)C,5.516,-6.057,-0.542,1.47,4.88,0.1149,5.129,0.0818,5.314,0.0014,5.572,,2.0,1.0,52.47,1.9369999999999998,50.58,153.35
16085,C[N]C1=N[C](N/C(=N/C)/N1)C,5.276,-6.019,-0.743,2.72,4.636,0.0268,4.793,0.0011,4.843,0.1343,5.404,,5.0,2.0,62.73,0.409,43.4,124.78
36660,Cc1c(C[C]([N]O)O)c2c([nH]1)ccc(c2)OC,4.947,-5.393,-0.446,5.38,4.348,0.078,4.602,0.0002,4.7219999999999995,0.1248,4.79,,4.0,3.0,74.35,1.9240000000000002,63.26,212.52
30540,Cc1cccc(c1OC[C]1[N]CCN1)C,5.94,-5.886,0.054000000000000006,1.74,5.169,0.0014,5.319,0.005,5.367999999999999,0.0107,5.421,,3.0,1.0,33.62,1.4480000000000002,68.9,83.73
10686,Cc1c(C)cccc1C,6.3870000000000005,-6.166,0.22,0.62,5.178999999999999,0.0002,5.7829999999999995,0.0024,5.86,0.0094,5.9110000000000005,,0.0,0.0,0.0,2.612,41.34,16.83
15808,CC[C@H](c1ccc(c(c1)[C@H](CC)C)O)C,5.731,-5.662999999999999,0.068,1.23,4.865,0.0499,4.954,0.0003,5.4110000000000005,0.0016,5.602,,1.0,1.0,20.23,4.419,67.24,48.98
27520,Nc1cc(C)c(c(c1)N)O,5.181,-4.574,0.607,2.57,4.023,0.0032,4.266,0.0106,4.353,0.0587,4.658,,3.0,3.0,72.27,2.0269999999999997,42.24,148.44
4845,OCc1nc(ccc1O)[C@H](CNC(C)(C)C)O,5.44,-6.191,-0.7509999999999999,3.89,4.736000000000001,0.0632,4.835,0.0695,5.21,0.0001,5.21,,5.0,4.0,85.61,1.092,65.39,140.59
6950,CC[C@H](c1cc(cc(c1O)N(=O)=O)N(=O)=O)C,4.128,-7.334,-3.2060000000000004,4.29,3.412,0.0414,3.773,0.0,3.8810000000000002,0.0,4.081,,1.0,1.0,111.87,3.7680000000000002,65.5,125.73
7771,Cc1ccc(c(c1)C)O,5.837000000000001,-5.627000000000001,0.21,1.07,4.901,0.0462,4.956,0.0001,5.55,0.0003,5.622999999999999,,1.0,1.0,20.23,2.009,38.4,52.97
6966,O=c1oc(=O)c2c1cc1c(=O)oc(=O)c1c2,4.65,-8.588,-3.938,0.0,3.64,0.0002,3.75,0.0,4.204,0.0,4.308,,6.0,0.0,94.56,-0.505,53.44,231.68
3043,OC[C@@H]1CC[C@H](O1)n1cnc2c1ncnc2O,5.682,-6.561,-0.879,3.41,4.89,0.0006,5.2139999999999995,0.1877,5.357,0.0186,5.541,,6.0,2.0,93.03,-0.21,58.77,194.14
20924,O=C(N(C)C)Oc1cccc2c1OC(C2)(C)C,5.693,-5.5729999999999995,0.12,1.73,4.811,0.0715,5.254,0.0075,5.525,0.024,5.539,,4.0,0.0,38.77,2.461,65.03,84.67
7269,Cc1cc(C)c(cc1C)C,6.1610000000000005,-5.87,0.29100000000000004,0.0,5.099,0.0054,5.596,0.0,5.692,0.0327,5.822,,0.0,0.0,0.0,2.92,46.31,21.67
22225,OCC[N]C1=N[C](N/C(=N/CCO)/N1)C,5.26,-6.403,-1.143,5.0,4.688,0.0779,4.813,0.038,4.901,0.0652,5.275,,7.0,4.0,103.19,-0.866,55.34,160.69
7248,Nc1ccc(c(c1)C)C,5.553999999999999,-5.165,0.389,1.45,4.603,0.0086,4.632,0.0314,5.155,0.0068,5.231,,1.0,1.0,26.02,2.467,40.78,62.15
12847,CCC1(CC)C(=O)N(C)C(=O)N(C1=O)C,5.946000000000001,-7.077999999999999,-1.1320000000000001,1.0,4.602,0.0004,5.167000000000001,0.0102,5.492000000000001,0.0572,5.797999999999999,,5.0,0.0,57.69,0.7190000000000001,62.42,91.82
31606,OC(=N)c1c(C)noc1c1ccc(o1)N(=O)=O,3.772,-6.925,-3.154,3.22,3.372,0.2734,3.693,0.0005,3.79,0.0001,3.9610000000000003,,5.0,1.0,128.08,2.474,56.09,190.0
21884,Cc1ccc2c(c1)nc(o2)C,5.641,-6.202000000000001,-0.561,0.97,4.883,0.0778,5.343999999999999,0.1583,5.894,0.0,5.954,,2.0,0.0,26.03,2.445,43.94,72.06
25753,Cc1c(C)c(N(=O)=O)c(c(c1N)C)C,4.101,-5.766,-1.665,6.03,3.2039999999999997,0.0849,3.767,0.0058,4.138999999999999,0.0326,4.365,,1.0,1.0,71.84,3.515,59.53,111.63
10269,COc1cc(c(c(c1)C(C)(C)C)O)C(C)(C)C,5.358,-5.154,0.204,0.82,4.611000000000001,0.0955,4.739,0.0005,4.99,0.0025,5.269,,2.0,1.0,29.46,3.9960000000000004,73.5,68.98
22751,Cc1ccc(c2c1c(CC(=O)O)c[nH]2)C,5.159,-5.655,-0.495,6.41,4.614,0.1146,4.681,0.0006,4.86,0.0369,5.181,,2.0,2.0,53.09,2.412,59.78,185.94
6985,Cc1ccc(c(c1)C)C(=O)C,5.157,-6.482,-1.325,3.06,3.69,0.0001,4.567,0.0434,5.007,0.2815,5.457999999999999,,1.0,0.0,17.07,2.506,46.57,47.89
22644,COc1cc2C[C@H](C)NCc2cc1OC,5.682,-5.521,0.161,1.93,4.7589999999999995,0.0718,5.107,0.0006,5.148,0.0201,5.296,,3.0,1.0,30.49,2.0669999999999997,63.57,72.64
1326,O=c1n(C)c2n(C)cnc2c(=O)n1C,5.559,-5.959,-0.4,7.44,4.937,0.0017,4.962,0.1117,5.022,0.0001,5.307,,6.0,0.0,61.82,-1.0290000000000001,52.04,143.54
3242,COc1cc(C)nc(n1)n1nc(cc1OC)C,5.202999999999999,-5.782,-0.58,1.95,4.513999999999999,0.0595,4.774,0.0011,4.805,0.0203,4.935,,6.0,0.0,62.06,1.296,62.07,106.14
4977,C[C@@H](Cn1cnc2c1c(=O)n(C)c(=O)n2C)O,5.021,-6.071000000000001,-1.05,3.75,4.503,0.1364,5.0169999999999995,0.0008,5.442,0.0047,5.452999999999999,,7.0,1.0,82.05,-1.185,62.81,160.83
21987,N#CC/N=c/1\[nH]/c(=N\CC#N)/[nH]c(=N)[nH]1,6.204,-6.819,-0.615,2.2,5.48,0.0656,5.7139999999999995,0.0059,5.811,0.0039,5.937,,8.0,3.0,136.33,0.052000000000000005,51.95,236.58
7021,COc1cc(/C=C/C(=O)O)cc(c1OC)OC,4.112,-5.97,-1.859,4.53,3.755,0.1239,3.8569999999999998,0.3559,4.308,0.0004,4.775,,5.0,1.0,64.99,1.81,62.59,121.66
23407,OCc1ccc(c(c1)C)C,6.207000000000001,-6.199,0.008,2.1,5.127000000000001,0.002,5.611000000000001,0.0772,5.859,0.0058,6.072,,1.0,1.0,20.23,1.796,42.5,35.45
33336,C/C=C/c1c(C)c(C)c(c2c1cccc2)C,4.474,-5.3420000000000005,-0.868,0.79,3.9810000000000003,0.1633,4.23,0.0008,4.863,0.0165,5.0280000000000005,,0.0,0.0,0.0,4.798,73.74,86.03
14104,COc1cc(C)ccc1C(C)C,5.872000000000001,-5.638,0.23399999999999999,1.5,4.947,0.0612,5.27,0.005,5.569,0.0471,5.635,,1.0,0.0,9.23,3.127,52.48,16.77
10209,Oc1cc(C)c(c2c1cccc2)O,4.367,-4.95,-0.5820000000000001,2.87,3.821,0.0678,4.135,0.0774,4.285,0.0017,4.46,,2.0,2.0,40.46,2.559,52.96,134.44
29049,CC1=CC=c2c([C]1N(=O)=O)non2[O],3.3169999999999997,-6.702000000000001,-3.385,6.04,2.95,0.1222,3.52,0.0037,3.7760000000000002,0.0016,4.0360000000000005,,3.0,0.0,97.31,1.996,48.96,122.53
33109,Cc1ccc(c2c1occ2)C,5.399,-5.704,-0.305,0.69,4.86,0.0373,5.0,0.1871,5.457000000000001,0.0088,5.712999999999999,,1.0,0.0,13.14,3.05,46.15,56.56
10714,Cc1cc(C(=O)O)c(cc1C)C,5.489,-6.596,-1.1079999999999999,5.16,4.706,0.0473,4.7989999999999995,0.0091,5.277,0.1125,5.851,,2.0,1.0,37.3,2.31,48.3,109.16
11872,Cc1cc(N(=O)=O)c(c(c1)N(=O)=O)O,3.989,-7.263,-3.2739999999999996,4.58,3.345,0.0992,3.665,0.0023,3.8489999999999998,0.0019,4.048,,1.0,1.0,111.87,2.563,51.08,127.72
11071,Cn1c(=O)n(CC(=C)C)c(cc1=O)N,5.678999999999999,-5.968,-0.28800000000000003,5.45,4.852,0.0028,5.087,0.0315,5.118,0.0146,5.183,,5.0,1.0,70.02,0.28600000000000003,55.84,110.52
23874,CCCCC1C(=O)N(C)C(=O)N(C1=O)C,5.912999999999999,-7.102,-1.189,1.14,4.584,0.0003,5.23,0.0119,5.51,0.077,5.729,,5.0,0.0,57.69,0.7190000000000001,62.68,73.14
16478,Cc1ccc(c2c1cccc2C)C,4.631,-5.415,-0.784,0.25,4.141,0.1188,4.306,0.0099,5.172000000000001,0.0014,5.343,,0.0,0.0,0.0,3.765,58.85,62.17
13250,CCOC(=O)c1cc(O)c(c(c1)O)O,4.819,-5.774,-0.955,1.14,4.42,0.068,4.553999999999999,0.2183,4.831,0.001,4.994,,5.0,3.0,86.99,0.98,48.6,151.52
1673,Nc1ncn(c2c1ncn2)C,4.757,-5.761,-1.004,4.03,4.34,0.0988,4.669,0.1013,4.756,0.0003,5.1979999999999995,,5.0,1.0,69.62,0.527,40.99,147.49
8369,O=c1ccoc(c1O)C,5.2,-6.144,-0.9440000000000001,5.29,3.955,0.0,4.868,0.1529,5.109,0.0001,5.272,,3.0,1.0,50.44,0.654,31.97,82.8
10189,COc1cc(O)c2c(c1)oc(cc2=O)C,5.119,-6.016,-0.898,5.35,3.7460000000000004,0.0,4.435,0.0469,4.706,0.0391,4.828,,4.0,1.0,59.67,1.8159999999999998,55.97,134.25
6867,O=c1cc(C)c2c(o1)cc(cc2)N(C)C,4.082,-5.353,-1.271,6.86,3.7089999999999996,0.3898,4.328,0.0076,4.6160000000000005,0.0002,4.672,,3.0,0.0,33.45,2.167,61.66,97.51
13225,O=c1n(C)c(=O)n(c(=O)n1C)C,7.192,-7.431,-0.239,0.01,5.765,0.0,5.782,0.0,6.145,0.0001,6.502999999999999,,6.0,0.0,66.0,-2.217,43.01,118.14
15008,CCCC(=O)c1cc(O)c(cc1O)O,4.55,-5.619,-1.069,4.46,3.9189999999999996,0.0,4.035,0.1365,4.633,0.0001,4.881,,4.0,3.0,77.76,1.786,52.32,159.81
17913,OC1=C(O)C(=O)C1=O,5.0969999999999995,-6.46,-1.3630000000000002,7.44,3.7030000000000003,0.0003,3.7510000000000003,0.0,4.156000000000001,0.0109,4.6080000000000005,,4.0,2.0,74.6,-0.534,22.3,79.33
6672,O=N(=O)c1c(C)cccc1C,4.887,-7.0120000000000005,-2.125,3.77,3.685,0.0267,3.92,0.0178,4.298,0.0003,4.605,,0.0,0.0,45.82,2.735,45.2,51.79
22278,O=Cc1ccc(c(c1)C)C,5.23,-6.768,-1.537,3.85,3.7230000000000003,0.0001,4.538,0.0279,4.934,0.317,5.669,,1.0,0.0,17.07,2.116,41.76,46.76
28226,Cc1cc(C)c2c(c1)cccc2C,4.724,-5.434,-0.71,0.58,4.22,0.0656,4.333,0.0277,5.171,0.0002,5.336,,0.0,0.0,0.0,3.765,58.85,62.17
10248,C=CCc1cc(OC)c(c(c1)OC)OC,5.829,-5.7139999999999995,0.114,1.83,4.886,0.0368,5.274,0.0358,5.358,0.0052,5.4479999999999995,,3.0,0.0,27.69,2.441,60.02,3.55
7259,Cc1ccc(c(c1)N)C,5.627000000000001,-5.265,0.36200000000000004,1.63,4.624,0.0261,4.728,0.0369,5.29,0.0011,5.391,,1.0,1.0,26.02,2.467,40.78,62.15
11440,CC(c1cc(C(=O)O)c(cc1O)C)C,5.233,-6.162999999999999,-0.9309999999999999,1.95,4.665,0.0584,4.931,0.0,4.997,0.1986,5.325,,3.0,2.0,57.53,2.522,54.97,143.97
366,CC(=O)Oc1ccc2c(c1)oc(=O)cc2C,4.585,-6.372999999999999,-1.788,4.41,4.144,0.2424,4.516,0.0,4.5360000000000005,0.1328,5.277,,4.0,0.0,56.51,2.0269999999999997,58.95,114.0
20324,CC[C@H]([C@@]1(C)C(=NC(=O)N(C1=O)C)O)C,5.761,-7.218999999999999,-1.459,5.14,4.487,0.0007,4.812,0.0006,5.079,0.0029,5.263999999999999,,5.0,1.0,66.48,1.014,62.33,116.37
16856,CCCCOc1ccc(cc1C)C[C]([N]O)O,5.505,-5.777,-0.272,4.62,4.888999999999999,0.0276,4.974,0.0073,5.135,0.0019,5.438,,4.0,2.0,58.56,2.613,65.83,117.92
13627,CCc1cc(C)cc(c1)C,6.381,-6.172000000000001,0.21,0.1,5.099,0.0004,5.644,0.0029,5.831,0.0059,5.888,,0.0,0.0,0.0,2.866,46.15,16.16
34554,Cc1cccc(c1/N=N/c1c(C)cccc1C)C,3.655,-5.577999999999999,-1.9240000000000002,0.06,2.454,0.0407,3.773,0.1805,3.773,0.3678,3.8080000000000003,,2.0,0.0,24.72,5.336,76.92,80.17
4263,CC(=O)C1=C(C)[C@@](N=C1O)(C)O,4.381,-6.622999999999999,-2.242,4.8,3.637,0.0074,3.846,0.0007,4.154,0.0035,4.773,,4.0,2.0,66.4,0.059000000000000004,46.3,110.92
27878,O=C1CCc2c1cc(C)c(c2)C,5.11,-6.362,-1.252,3.87,3.728,0.0,4.539,0.0537,5.07,0.2369,5.327999999999999,,1.0,0.0,17.07,2.432,49.42,75.31
7378,Cc1cc(C)cc(c1)C(C)(C)C,6.354,-6.136,0.218,0.07,5.12,0.0001,5.6770000000000005,0.0025,5.763999999999999,0.001,5.8629999999999995,,0.0,0.0,0.0,3.6010000000000004,55.64,21.78
36937,Oc1cc2CNCCc2cc1O,5.54,-5.312,0.22899999999999998,2.06,4.6419999999999995,0.0777,4.71,0.0001,4.846,0.0001,5.019,,3.0,3.0,52.49,1.072,49.83,143.03
39536,CCC(=O)c1cc(O)c2c(c1O)oc(c2C)C,4.215,-5.41,-1.195,4.44,3.755,0.1806,3.862,0.0,4.508,0.2607,4.711,,4.0,2.0,70.67,3.054,65.19,173.74
27956,NN[C@H](Cc1cc(OC)c(c(c1)OC)OC)C,5.772,-5.4670000000000005,0.305,3.77,4.882,0.0244,4.898,0.0101,5.212999999999999,0.0949,5.234,,5.0,2.0,65.74,2.198,66.01,105.58
7247,Cc1ccc(c(c1)C)C,6.321000000000001,-6.0360000000000005,0.28600000000000003,0.35,5.135,0.0069,5.731,0.0289,5.751,0.0018,6.007999999999999,,0.0,0.0,0.0,2.612,41.34,16.83
13919,C=CC[N]C1=N[C](N/C(=N/CC=C)/N1)SC,5.268,-6.055,-0.7859999999999999,1.95,4.615,0.0752,4.872,0.0713,4.913,0.0267,5.136,,6.0,2.0,88.03,1.935,68.44,89.91
30659,COc1c(OC)ccc2c1CC[C@H](C2)N(C)C,5.577999999999999,-5.361000000000001,0.218,2.1,4.746,0.0137,4.896,0.0203,4.954,0.0056,5.146,,3.0,0.0,21.7,2.123,69.37,46.77
40298,COc1cc2c(cc1O)CCN([C@H]2C)C,5.63,-5.489,0.142,1.96,4.664,0.0007,4.779,0.0711,4.897,0.0006,5.041,,3.0,1.0,32.7,1.8880000000000001,64.01,82.3
2519,Cn1cnc2c1c(=O)n(C)c(=O)n2C,5.143,-5.959,-0.816,3.83,4.622,0.1368,4.96,0.0,5.33,0.0016,5.608,,6.0,0.0,61.82,-1.0290000000000001,52.04,143.54
12769,Cc1cc(C)c(c(c1)O)C,5.853,-5.655,0.19899999999999998,1.11,4.923,0.0463,4.9910000000000005,0.0002,5.468,0.0033,5.596,,1.0,1.0,20.23,2.3169999999999997,43.36,57.8
33115,C[C@@H]1CC=C(C(=C1C)C)C,5.1160000000000005,-5.2379999999999995,-0.122,0.3,4.526,0.1103,4.8660000000000005,0.0188,5.162999999999999,0.0026,5.273,,0.0,0.0,0.0,3.3089999999999997,47.12,23.2
3638,CN1CCc2c([C@@H]1O)cc1c(c2)OCO1,5.421,-5.516,-0.095,1.72,4.598,0.1127,4.949,0.0002,5.082,0.0173,5.175,,4.0,1.0,41.93,0.8320000000000001,57.91,89.95
26422,COc1cc(ccc1OC)C(=O)C(C)C,4.849,-6.0520000000000005,-1.203,3.53,3.7430000000000003,0.0003,4.397,0.1861,4.739,0.1172,5.388999999999999,,3.0,0.0,35.53,2.542,59.23,49.1
7379,Oc1ccc(cc1C)C(C)(C)C,5.864,-5.649,0.215,1.1,4.957,0.0388,4.966,0.0004,5.452000000000001,0.005,5.666,,1.0,1.0,20.23,2.998,52.7,57.92
682,OC(=O)[C@H](CC1=CC(=O)C(=O)C=C1)N,3.181,-6.77,-3.589,5.18,1.815,0.0,2.866,0.0083,3.0580000000000003,0.0184,3.088,,5.0,2.0,97.46,0.12300000000000001,47.19,191.21
2972,Cn1ccc(=O)c(c1C)O,5.056,-5.287000000000001,-0.231,8.2,4.067,0.0003,4.34,0.0015,4.7669999999999995,0.1714,4.823,,3.0,1.0,42.23,0.39899999999999997,38.95,86.74
3671,CC(C(=O)c1c(nn2c1cccc2)C(C)C)C,4.555,-5.94,-1.385,4.7,3.827,0.0013,3.9819999999999998,0.1116,4.51,0.08800000000000001,4.638999999999999,,3.0,0.0,34.37,3.2960000000000003,69.58,94.46
12784,Cc1cc(C)c(c(c1C)C)C,6.196000000000001,-5.8229999999999995,0.373,0.34,5.031000000000001,0.0016,5.489,0.0,5.6339999999999995,0.005,5.645,,0.0,0.0,0.0,3.2289999999999996,51.27,26.51
31545,Cc1ccc2c(c1)[C@H](C)CC[C@H]2C,6.15,-6.037999999999999,0.11199999999999999,0.25,5.048,0.0156,5.545,0.0326,5.675,0.0059,5.856,,0.0,0.0,0.0,3.9960000000000004,58.45,36.75
35403,Cc1cc(C)c2c(c1C)[nH]cc2,5.105,-5.091,0.013999999999999999,2.02,4.482,0.0,4.645,0.1526,4.751,0.0343,5.01,,0.0,1.0,15.79,3.093,53.2,109.44
14103,OC(=O)c1ccc(c(c1C)C)C,5.6979999999999995,-6.64,-0.9420000000000001,5.39,4.794,0.0287,4.947,0.0397,5.4110000000000005,0.0924,5.882000000000001,,2.0,1.0,37.3,2.31,48.3,109.16
21475,Cc1ccc(c(c1)C)[C@H](O)C,6.231,-6.095,0.136,1.44,5.112,0.003,5.567,0.0014,5.64,0.0618,5.8660000000000005,,1.0,1.0,20.23,2.3569999999999998,47.31,34.78
35236,N#CCC[N]C1=N[C](C)N/C(=N/CCC#N)/N1,5.431,-6.776,-1.344,7.2,4.802,0.0327,4.901,0.1086,4.9430000000000005,0.0573,5.534,,7.0,2.0,110.31,0.977,62.13,189.93
17109,Cc1ccc2c(c1)nc1c(n2)sc(=O)s1,4.357,-6.7,-2.343,4.96,3.798,0.1218,3.846,0.0026,3.908,0.1329,4.605,,5.0,0.0,99.33,2.575,64.03,162.74
20834,CCCc1cc(O)cc(c1C(=O)O)O,5.54,-6.455,-0.914,5.77,4.752,0.006,4.7860000000000005,0.0323,5.234,0.1424,5.377000000000001,,4.0,3.0,77.76,1.7480000000000002,52.03,180.1
17314,Cc1ccc(c(c1C)C(=O)O)C,5.772,-6.531000000000001,-0.759,4.39,4.829,0.0272,5.09,0.0292,5.529,0.0156,5.777,,2.0,1.0,37.3,2.31,48.3,109.16
26479,C/N=C(\Oc1ccc(c(c1)N(C)C)C)/O,5.636,-5.581,0.054000000000000006,1.96,4.6339999999999995,0.0315,4.875,0.1148,5.178,0.0238,5.4270000000000005,,4.0,1.0,41.57,2.17,60.3,81.85
10436,Cc1cc(O)cc(c1)O,6.0,-5.763,0.237,2.66,4.978,0.0201,5.035,0.0,5.308,0.0008,5.4110000000000005,,2.0,2.0,40.46,1.406,35.45,89.1
12787,Oc1cc(O)c(c(c1O)C)O,5.124,-4.797,0.327,0.4,3.932,0.0,4.237,0.0,4.453,0.0512,4.457,,4.0,4.0,80.92,0.8170000000000001,39.5,171.05
3840,OCc1occ(c(=O)c1)O,5.154,-6.376,-1.222,3.31,3.88,0.0,4.801,0.1048,5.141,0.0003,5.335,,4.0,2.0,70.67,-0.162,33.13,101.42
675,Cc1cc2[nH]cnc2cc1C,5.625,-5.8020000000000005,-0.177,3.34,4.834,0.08199999999999999,5.129,0.0907,5.167000000000001,0.0013,5.26,,1.0,1.0,28.68,2.18,46.03,120.11
18598,CC(c1cccc(c1O)C)C,5.984,-5.755,0.22899999999999998,1.67,5.03,0.0381,5.059,0.0018,5.625,0.0029,5.67,,1.0,1.0,20.23,2.824,48.01,51.64
36911,Cc1cc(N)cc(c1N(=O)=O)C,4.25,-6.013999999999999,-1.7630000000000001,6.17,3.53,0.1201,4.099,0.1039,4.15,0.0112,4.37,,1.0,1.0,71.84,2.898,49.6,101.95
